,0,1,2,3,4,5,6,7,8,9,10
(You're So Square) Baby I Don't Care (Studio Jam),"['N/A', {'Jerry Leiber', 'Mike Stoller'}]",,,,,,,,,,
333q33,"['N/A', 'N/A', ['N/A']]","['N/A', 'N/A', ['N/A']]",,,,,,,,,
A Beginning,"['N/A', {'George Martin'}]",,,,,,,,,,
A Little Rhyme,"['N/A', 'N/A', ['N/A']]","['N/A', 'N/A', ['N/A']]",,,,,,,,,
A Picture Of You,"['N/A', 'N/A', ['N/A']]","['N/A', 'N/A', ['N/A']]",,,,,,,,,
"A Shot of Rhythm and Blues (Live at the BBC for ""Pop Go The Beatles"" / 27th August, 1963)","['Live At The BBC. Disk 1', {'Terry Thompson'}]","['N/A', {'Terry Thompson'}]",,,,,,,,,
A Taste Of Honey (Live in Germany),"['N/A', {'Ric Marlow', 'Bobby Scott'}]","['Live! at the Star-Club in Hamburg, Germany; 1962', {'Ric Marlow', 'Bobby Scott'}]",,,,,,,,,
A Taste Of Honey (Live),"['First Live Recordings Volume One', {'Rick Marlow', 'Bobby Scott'}]","['N/A', {'Rick Marlow', 'Bobby Scott'}]",,,,,,,,,
A Taste of Honey,"['Twist and Shout (EP)', {'Ric Marlow', 'Bobby Scott'}]","['The Japan Box', {'Ric Marlow', 'Bobby Scott'}]","['The Beatles (The Original Studio Recordings) Boxset', {'Ric Marlow', 'Bobby Scott'}]","['Please Please Me', {'Ric Marlow', 'Bobby Scott'}]","['The Early Beatles', {'Ric Marlow', 'Bobby Scott'}]","['The U.S. Albums', {'Ric Marlow', 'Bobby Scott'}]","['N/A', {'Ric Marlow', 'Bobby Scott'}]","['Introducing... The Beatles', {'Ric Marlow', 'Bobby Scott'}]","['Souvenir of Their Visit to America (EP)', {'Ric Marlow', 'Bobby Scott'}]","['Twist and Shout', {'Ric Marlow', 'Bobby Scott'}]",
"A Taste of Honey (Live at the BBC for ""Pop Go The Beatles"" / 23rd July, 1963)","['N/A', {'Ric Marlow', 'Bobby Scott'}]","['Live At The BBC. Disk 1', {'Ric Marlow', 'Bobby Scott'}]",,,,,,,,,
Act Naturally,"['The U.S. Albums', {'Johnny Russell'}]","['Help! (UK)', {'Johnny Russell'}]","['The Beatles (The Original Studio Recordings) Boxset', {'Johnny Russell'}]","['Yesterday (EP)', {'Johnny Russell'}]","['Yesterday and Today', {'Johnny Russell'}]","['N/A', {'Johnny Russell'}]",,,,,
Ain't Nothing Shakin' (But The Leaves),"['N/A', {'John Gluck Jr.', 'Cirino Colacrai', 'Eddie Fontaine', 'Diane Lampert'}]","['Live! at the Star-Club in Hamburg, Germany; 1962', {'John Gluck Jr.', 'Cirino Colacrai', 'Eddie Fontaine', 'Diane Lampert'}]",,,,,,,,,
Ain't She Sweet (Anthology 1 version),"['N/A', {'Milton Ager', 'Jack Yellen'}]","['Anthology 1', {'Milton Ager', 'Jack Yellen'}]","['Les Beatles', {'Milton Ager', 'Jack Yellen'}]","[""Ain't She Sweet"", {'Milton Ager', 'Jack Yellen'}]",,,,,,,
Ain't She Sweet (Anthology 3 version),"['N/A', 'N/A', ['N/A']]","['N/A', 'N/A', ['N/A']]","['1996', 'Anthology 3', ['N/A']]","['1996', 'Anthology 3', ['N/A']]",,,,,,,
Ain't She Sweet (John Lennon vocal),"['N/A', {'Milton Ager', 'Jack Yellen'}]","['Very Together', {'Milton Ager', 'Jack Yellen'}]",,,,,,,,,
All Together on the Wireless Machine,"['N/A', 'N/A', ['N/A']]","['N/A', 'N/A', ['N/A']]",,,,,,,,,
Anna (Go To Him) (Live),"['2013', 'On Air - Live At The BBC Volume 2', ['N/A']]","['2013', 'On Air - Live At The BBC Volume 2', ['N/A']]","['N/A', 'N/A', ['N/A']]","['N/A', 'N/A', ['N/A']]",,,,,,,
Anna (Go to Him),"['Please Please Me', {'Arthur Alexander'}]","['The Early Beatles', {'Arthur Alexander'}]","['No. 1', {'Arthur Alexander'}]","['The Beatles (The Original Studio Recordings) Boxset', {'Arthur Alexander'}]","['Twist and Shout', {'Arthur Alexander'}]","['N/A', {'Arthur Alexander'}]","['Souvenir of Their Visit to America (EP)', {'Arthur Alexander'}]","['The U.S. Albums', {'Arthur Alexander'}]","['Introducing... The Beatles', {'Arthur Alexander'}]","['The Beatles (No. 1) EP', {'Arthur Alexander'}]",
Ask Me Why (Live),"['2013', 'On Air - Live At The BBC Volume 2', ['N/A']]","['2013', 'On Air - Live At The BBC Volume 2', ['N/A']]","['N/A', 'N/A', ['N/A']]","['N/A', 'N/A', ['N/A']]",,,,,,,
Baby It's You (Live / June 1963),"[""Baby It's You (EP)"", {'Hal David', 'Barney Williams', 'Burt Bacharach'}]","['N/A', {'Hal David', 'Barney Williams', 'Burt Bacharach'}]",,,,,,,,,
"Baby It's You (Live at the BBC for ""Pop Go The Beatles"" / 11th June, 1963)","['N/A', {'Luther Dixon', 'Mack David', 'Burt Bacharach'}]","['Live At The BBC. Disk 1', {'Luther Dixon', 'Mack David', 'Burt Bacharach'}]",,,,,,,,,
Bad Boy,"['The U.S. Albums', {'Larry Williams'}]","['Rarities', {'Larry Williams'}]","['Past Masters * Volume One', {'Larry Williams'}]","[""Rock 'n' Roll Music"", {'Larry Williams'}]","['Beatles VI', {'Larry Williams'}]","['N/A', {'Larry Williams'}]",,,,,
Bad to Me,"['N/A', 'N/A', ['N/A']]","['N/A', 'N/A', ['N/A']]",,,,,,,,,
Be-Bop-A-Lula,"['N/A', 'N/A', ['N/A']]","['N/A', 'N/A', ['N/A']]",,,,,,,,,
Be-Bop-A-Lula (Live in Germany),"['Live! at the Star-Club in Hamburg, Germany; 1962', {'Donald Graves', 'Gene Vincent', 'Sheriff Tex Davis'}]","['N/A', {'Donald Graves', 'Gene Vincent', 'Sheriff Tex Davis'}]","['First Live Recordings Volume One', {'Donald Graves', 'Gene Vincent', 'Sheriff Tex Davis'}]",,,,,,,,
Beatles For Sale - Foreward,"['N/A', {'Derek Taylor'}]",,,,,,,,,,
Beautiful Dreamer,"['N/A', {'Stephen Foster'}]","['On Air - Live At The BBC Volume 2', {'Stephen Foster'}]",,,,,,,,,
Because I Know You Love Me So,"['N/A', 'N/A', ['N/A']]","['N/A', 'N/A', ['N/A']]",,,,,,,,,
Besame Mucho,"['N/A', {'Consuelo Velázquez'}]","['Anthology 1', {'Consuelo Velázquez'}]",,,,,,,,,
Besame Mucho (Live in Germany),"['Live! at the Star-Club in Hamburg, Germany; 1962', {'Consuelo Velázquez'}]","['First Live Recordings Volume One', {'Consuelo Velázquez'}]","['N/A', {'Consuelo Velázquez'}]",,,,,,,,
Blue Moon (Studio Jam),"['The Beatles (White Album) [Super Deluxe]', {'Richard Rodgers', 'Lorenz Hart'}]","['N/A', {'Richard Rodgers', 'Lorenz Hart'}]",,,,,,,,,
Blue Moon of Kentucky,"['N/A', 'N/A', ['N/A']]","['N/A', 'N/A', ['N/A']]",,,,,,,,,
Boys,"['N/A', {'Luther Dixon', 'Wes Farrell'}]","['The Japan Box', {'Luther Dixon', 'Wes Farrell'}]","['The U.S. Albums', {'Luther Dixon', 'Wes Farrell'}]","['On Air - Live At The BBC Volume 2', {'Luther Dixon', 'Wes Farrell'}]","[""Rock 'n' Roll Music"", {'Luther Dixon', 'Wes Farrell'}]","['Please Please Me', {'Luther Dixon', 'Wes Farrell'}]","['Anthology 1', {'Luther Dixon', 'Wes Farrell'}]","['The Early Beatles', {'Luther Dixon', 'Wes Farrell'}]","['The Beatles (The Original Studio Recordings) Boxset', {'Luther Dixon', 'Wes Farrell'}]","['Introducing... The Beatles', {'Luther Dixon', 'Wes Farrell'}]",
Boys [Live at the Hollywood Bowl],"['N/A', {'Luther Dixon', 'Wes Farrell'}]","['Live at the Hollywood Bowl', {'Luther Dixon', 'Wes Farrell'}]","['The Beatles at the Hollywood Bowl', {'Luther Dixon', 'Wes Farrell'}]",,,,,,,,
Can You Dig It?,"['N/A', 'N/A', ['N/A']]","['N/A', 'N/A', ['N/A']]",,,,,,,,,
Carol,"['Live At The BBC. Disk 1', {'Chuck Berry'}]","['N/A', {'Chuck Berry'}]",,,,,,,,,
Chains,"['Twist and Shout', {'Goffin and King', 'Gerry Goffin', 'Carole King'}]","['N/A', {'Goffin and King', 'Gerry Goffin', 'Carole King'}]","['The U.S. Albums', {'Goffin and King', 'Gerry Goffin', 'Carole King'}]","['Please Please Me', {'Goffin and King', 'Gerry Goffin', 'Carole King'}]","['The Beatles (No. 1) EP', {'Goffin and King', 'Gerry Goffin', 'Carole King'}]","['The Early Beatles', {'Goffin and King', 'Gerry Goffin', 'Carole King'}]","['No. 1', {'Goffin and King', 'Gerry Goffin', 'Carole King'}]","['The Beatles (The Original Studio Recordings) Boxset', {'Goffin and King', 'Gerry Goffin', 'Carole King'}]","['Introducing... The Beatles', {'Goffin and King', 'Gerry Goffin', 'Carole King'}]",,
Chains (Live),"['2013', 'On Air - Live At The BBC Volume 2', ['N/A']]","['2013', 'On Air - Live At The BBC Volume 2', ['N/A']]","['N/A', 'N/A', ['N/A']]","['N/A', 'N/A', ['N/A']]",,,,,,,
Clarabella,"['Live At The BBC. Disk 1', {'Frank Pingatore'}]","['N/A', {'Frank Pingatore'}]",,,,,,,,,
Commonwealth,"['N/A', 'N/A', ['N/A']]","['N/A', 'N/A', ['N/A']]",,,,,,,,,
"Crying, Waiting, Hoping","['N/A', 'N/A', ['N/A']]","['N/A', 'N/A', ['N/A']]",,,,,,,,,
"Crying, Waiting, Hoping (Live at the BBC for ""Pop Go The Beatles"" / 6th August, 1963)","['N/A', 'N/A', ['N/A']]","['N/A', 'N/A', ['N/A']]","['1994', 'Live At The BBC. Disk 1', ['N/A']]","['1994', 'Live At The BBC. Disk 1', ['N/A']]",,,,,,,
Devil in Her Heart,"['N/A', {'Richard Drapkin'}]","['The Japan Box', {'Richard Drapkin'}]","['With the Beatles', {'Richard Drapkin'}]","['The U.S. Albums', {'Richard Drapkin'}]","['The Beatles (The Original Studio Recordings) Boxset', {'Richard Drapkin'}]","[""The Beatles' Long Tall Sally"", {'Richard Drapkin'}]","[""The Beatles' Second Album"", {'Richard Drapkin'}]",,,,
Devil in Her Heart (Live),"['2013', 'On Air - Live At The BBC Volume 2', ['N/A']]","['2013', 'On Air - Live At The BBC Volume 2', ['N/A']]","['N/A', 'N/A', ['N/A']]","['N/A', 'N/A', ['N/A']]",,,,,,,
Dizzy Miss Lizzy,"['Help! (UK)', {'Larry Williams'}]","['Beatles VI', {'Larry Williams'}]","['N/A', {'Larry Williams'}]","['The Beatles (The Original Studio Recordings) Boxset', {'Larry Williams'}]","[""Rock 'n' Roll Music"", {'Larry Williams'}]","['The U.S. Albums', {'Larry Williams'}]",,,,,
Dizzy Miss Lizzy [Live at the BBC Disk 2],"['Live At The BBC. Disk 2', {'Larry Williams'}]","['N/A', {'Larry Williams'}]",,,,,,,,,
Dizzy Miss Lizzy [Live at the Hollywood Bowl],"['N/A', {'Larry Williams'}]","['The Beatles at the Hollywood Bowl', {'Larry Williams'}]","['Live at the Hollywood Bowl', {'Larry Williams'}]",,,,,,,,
Do You Want to Know a Secret (Live),"['N/A', 'N/A', ['N/A']]","['N/A', 'N/A', ['N/A']]","['2013', 'On Air - Live At The BBC Volume 2', ['N/A']]","['2013', 'On Air - Live At The BBC Volume 2', ['N/A']]",,,,,,,
Don't Ever Change,"['N/A', {'Gerry Goffin', 'Carole King'}]","['Live At The BBC. Disk 2', {'Gerry Goffin', 'Carole King'}]",,,,,,,,,
Down in Eastern Australia,"['N/A', 'N/A', ['N/A']]","['N/A', 'N/A', ['N/A']]",,,,,,,,,
Everybody's Trying To Be My Baby (Live in Germany),"['N/A', {'Rex Griffin', 'Carl Perkins'}]","['Live! at the Star-Club in Hamburg, Germany; 1962', {'Rex Griffin', 'Carl Perkins'}]",,,,,,,,,
Everybody's Trying To Be My Baby [Live at the BBC Disk 2],"['Live At The BBC. Disk 2', {'Carl Perkins'}]","['N/A', {'Carl Perkins'}]",,,,,,,,,
Everybody's Trying to Be My Baby,"['The U.S. Albums', {'Carl Perkins'}]","['N/A', {'Carl Perkins'}]","[""Rock 'n' Roll Music"", {'Carl Perkins'}]","['4 By The Beatles', {'Carl Perkins'}]","['Beatles for Sale', {'Carl Perkins'}]","[""Beatles '65"", {'Carl Perkins'}]","['The Beatles (The Original Studio Recordings) Boxset', {'Carl Perkins'}]",,,,
Everybody's Trying to Be My Baby (Live at Shea Stadium),"['Anthology 2', {'Carl Perkins'}]","['N/A', {'Carl Perkins'}]",,,,,,,,,
Everybody's Trying to Be My Baby [Live at the Hollywood Bowl] [Bonus Track],"['Live at the Hollywood Bowl', {'Carl Perkins'}]","['N/A', {'Carl Perkins'}]",,,,,,,,,
Fab Four on Film,"['N/A', 'N/A', ['N/A']]","['N/A', 'N/A', ['N/A']]",,,,,,,,,
Falling In Love Again (Live in Germany),"['N/A', {'Sammy Lerner', 'Friedrich Hollaender', 'Reginald Connelly'}]","['Live! at the Star-Club in Hamburg, Germany; 1962', {'Sammy Lerner', 'Friedrich Hollaender', 'Reginald Connelly'}]",,,,,,,,,
Falling in Love Again,"['Live! at the Star-Club in Hamburg, Germany; 1962', {'Friedrich Hollaender'}]","['N/A', {'Friedrich Hollaender'}]",,,,,,,,,
Feels Right,"['N/A', 'N/A', ['N/A']]","['N/A', 'N/A', ['N/A']]",,,,,,,,,
Glad All Over,"['N/A', {'Dave Clark', 'Mike Smith (The Dave Clark Five)'}]","['Live At The BBC. Disk 2', {'Dave Clark', 'Mike Smith (The Dave Clark Five)'}]",,,,,,,,,
Good Night (Rehearsal & Take 34),"['N/A', 'N/A', ['N/A']]","['N/A', 'N/A', ['N/A']]","['1996', 'Anthology 3', ['N/A']]","['1996', 'Anthology 3', ['N/A']]",,,,,,,
"Hallelujah, I Love Her So","['N/A', {'Ray Charles'}]","['Anthology 1', {'Ray Charles'}]",,,,,,,,,
"Hallelujah, I Love Her So (Live in Germany)","['N/A', {'Ray Charles'}]","['First Live Recordings Volume One', {'Ray Charles'}]","['Live! at the Star-Club in Hamburg, Germany; 1962', {'Ray Charles'}]",,,,,,,,
Happy Birthday Saturday Club,"['N/A', 'N/A', ['N/A']]","['N/A', 'N/A', ['N/A']]",,,,,,,,,
Help! - Film Script,"['N/A', {'Marc Behm'}]",,,,,,,,,,
Here We Go Again,"['2013', 'On Air - Live At The BBC Volume 2', ['N/A']]","['2013', 'On Air - Live At The BBC Volume 2', ['N/A']]","['N/A', 'N/A', ['N/A']]","['N/A', 'N/A', ['N/A']]",,,,,,,
Hippy Hippy Shake,"['Live At The BBC. Disk 2', {'Chan Romero'}]","['N/A', {'Chan Romero'}]","['On Air - Live At The BBC Volume 2', {'Chan Romero'}]",,,,,,,,
Hippy Hippy Shake (Live),"['N/A', {'Chan Romero'}]","['Live! at the Star-Club in Hamburg, Germany; 1962', {'Chan Romero'}]",,,,,,,,,
Historical Notes,"['N/A', 'N/A', ['N/A']]","['N/A', 'N/A', ['N/A']]",,,,,,,,,
Honey Don't [Live at the BBC Disk 2],"['Live At The BBC. Disk 2', {'Carl Perkins'}]","['N/A', {'Carl Perkins'}]",,,,,,,,,
"How About It, Gorgeous?","['2013', 'On Air - Live At The BBC Volume 2', ['N/A']]","['2013', 'On Air - Live At The BBC Volume 2', ['N/A']]","['N/A', 'N/A', ['N/A']]","['N/A', 'N/A', ['N/A']]",,,,,,,
How Do You Do It?,"['Anthology 1', {'Mitch Murray'}]","[""Ain't She Sweet"", {'Mitch Murray'}]","['N/A', {'Mitch Murray'}]",,,,,,,,
I Got A Woman,"['N/A', {'Renald Richard', 'Ray Charles'}]",,,,,,,,,,
I Got To Find My Baby,"['1994', 'Live At The BBC. Disk 2', ['N/A']]","['1994', 'Live At The BBC. Disk 2', ['N/A']]","['N/A', 'N/A', ['N/A']]","['N/A', 'N/A', ['N/A']]",,,,,,,
"I Got a Woman (Live at the BBC for ""Pop Go The Beatles"" / 13th August, 1963)","['Live At The BBC. Disk 1', {'Renald Richard', 'Ray Charles'}]","['N/A', {'Renald Richard', 'Ray Charles'}]",,,,,,,,,
I Remember You (Live in Germany),"['N/A', {'Victor Schertzinger', 'Johnny Mercer'}]","['Live! at the Star-Club in Hamburg, Germany; 1962', {'Victor Schertzinger', 'Johnny Mercer'}]",,,,,,,,,
I'll Be On My Way,"['N/A', 'N/A', ['N/A']]","['N/A', 'N/A', ['N/A']]",,,,,,,,,
I'm Gonna Sit Right Down And Cry (Over You) (Live at the BBC),"['First Live Recordings Volume One', {'Howard Biggs', 'Joe Thomas'}]","['Live At The BBC. Disk 1', {'Howard Biggs', 'Joe Thomas'}]","['N/A', {'Howard Biggs', 'Joe Thomas'}]",,,,,,,,
"I'm Gonna Sit Right Down and Cry (Over You) [Live at the BBC for ""Pop Go The Beatles"" / 6th August, 1963]","['N/A', {'Joe Thomas', 'Howard Biggs'}]","['Live At The BBC. Disk 1', {'Joe Thomas', 'Howard Biggs'}]",,,,,,,,,
I'm Talking About You,"['N/A', 'N/A', ['N/A']]","['N/A', 'N/A', ['N/A']]","['2013', 'On Air - Live At The BBC Volume 2', ['N/A']]","['2013', 'On Air - Live At The BBC Volume 2', ['N/A']]",,,,,,,
India,"['N/A', 'N/A', ['N/A']]","['N/A', 'N/A', ['N/A']]",,,,,,,,,
Jazz Piano Song,"['N/A', 'N/A', ['N/A']]","['N/A', 'N/A', ['N/A']]",,,,,,,,,
Jingle Bells,"['N/A', 'N/A', ['N/A']]","['N/A', 'N/A', ['N/A']]",,,,,,,,,
Just A Rumour (Speech),"['N/A', 'N/A', ['N/A']]","['N/A', 'N/A', ['N/A']]",,,,,,,,,
Kansas City,"['Beatles VI', {'Jerry Leiber', 'Mike Stoller'}]","['N/A', {'Jerry Leiber', 'Mike Stoller'}]",,,,,,,,,
Kansas City (Live in Germany),"['Live! at the Star-Club in Hamburg, Germany; 1962', {'Jerry Leiber', 'Mike Stoller'}]","['N/A', {'Jerry Leiber', 'Mike Stoller'}]",,,,,,,,,
Kansas City/Hey Hey Hey Hey [Live at the BBC Disk 2],"['First Live Recordings Volume One', {'Little Richard', 'Jerry Leiber', 'Mike Stoller'}]","['N/A', {'Little Richard', 'Jerry Leiber', 'Mike Stoller'}]","['Live At The BBC. Disk 2', {'Little Richard', 'Jerry Leiber', 'Mike Stoller'}]",,,,,,,,
Kansas City/Hey-Hey-Hey-Hey!,"['N/A', {'Little Richard', 'Jerry Leiber', 'Mike Stoller'}]","['Anthology 1', {'Little Richard', 'Jerry Leiber', 'Mike Stoller'}]","[""Rock 'n' Roll Music"", {'Little Richard', 'Jerry Leiber', 'Mike Stoller'}]","['Beatles for Sale', {'Little Richard', 'Jerry Leiber', 'Mike Stoller'}]","['The U.S. Albums', {'Little Richard', 'Jerry Leiber', 'Mike Stoller'}]","['Anthology Highlights', {'Little Richard', 'Jerry Leiber', 'Mike Stoller'}]","['The Beatles (The Original Studio Recordings) Boxset', {'Little Richard', 'Jerry Leiber', 'Mike Stoller'}]",,,,
"Keep Your Hands Off My Baby (Live at the BBC for ""Saturday Club"" / 26th January, 1963)","['N/A', {'Gerry Goffin', 'Carole King'}]","['Live At The BBC. Disk 1', {'Gerry Goffin', 'Carole King'}]",,,,,,,,,
Keep Your Hands Off My Baby (Live at the BBC),"['N/A', {'Gerry Goffin', 'Carole King'}]","['Live At The BBC. Disk 1', {'Gerry Goffin', 'Carole King'}]",,,,,,,,,
Leave My Kitten Alone,"['N/A', {'Little Willie John', 'James McDougal', 'Titus Turner'}]","['Anthology Highlights', {'Little Willie John', 'James McDougal', 'Titus Turner'}]","['Anthology 1', {'Little Willie John', 'James McDougal', 'Titus Turner'}]",,,,,,,,
Lend Me Your Comb,"['On Air - Live At The BBC Volume 2', {'Kay Twomey', 'Ben Weisman', 'Fred Wise'}]","['N/A', {'Kay Twomey', 'Ben Weisman', 'Fred Wise'}]","['Anthology 1', {'Kay Twomey', 'Ben Weisman', 'Fred Wise'}]",,,,,,,,
Lend Me Your Comb (Live in Germany),"['N/A', {'Kay Twomey', 'Ben Weisman', 'Fred Wise'}]","['Live! at the Star-Club in Hamburg, Germany; 1962', {'Kay Twomey', 'Ben Weisman', 'Fred Wise'}]",,,,,,,,,
Little Queenie (Live in Germany),"['N/A', {'Chuck Berry'}]","['First Live Recordings Volume One', {'Chuck Berry'}]","['Live! at the Star-Club in Hamburg, Germany; 1962', {'Chuck Berry'}]",,,,,,,,
Lonesome Tears In My Eyes,"['Live At The BBC. Disk 2', {'Dorsey Burnette', 'Al Mortimer', 'Johnny Burnette', 'Paul Burlison'}]","['N/A', {'Dorsey Burnette', 'Al Mortimer', 'Johnny Burnette', 'Paul Burlison'}]",,,,,,,,,
Long Tall Sally,"['Long Tall Sally (EP)', {'Little Richard', 'Enotris Johnson', 'Robert Blackwell'}]","['N/A', {'Little Richard', 'Enotris Johnson', 'Robert Blackwell'}]","[""Rock 'n' Roll Music"", {'Little Richard', 'Enotris Johnson', 'Robert Blackwell'}]","['Rarities', {'Little Richard', 'Enotris Johnson', 'Robert Blackwell'}]","['Anthology 1', {'Little Richard', 'Enotris Johnson', 'Robert Blackwell'}]","[""The Beatles' Long Tall Sally"", {'Little Richard', 'Enotris Johnson', 'Robert Blackwell'}]","['The U.S. Albums', {'Little Richard', 'Enotris Johnson', 'Robert Blackwell'}]","['Past Masters * Volume One', {'Little Richard', 'Enotris Johnson', 'Robert Blackwell'}]","[""The Beatles' Second Album"", {'Little Richard', 'Enotris Johnson', 'Robert Blackwell'}]","['Requests (EP)', {'Little Richard', 'Enotris Johnson', 'Robert Blackwell'}]",
"Long Tall Sally (Live at the BBC for ""Pop Go The Beatles"" / 13th August, 1963)","['Live At The BBC. Disk 1', {'Little Richard', 'Enotris Johnson', 'Robert Blackwell'}]","['N/A', {'Little Richard', 'Enotris Johnson', 'Robert Blackwell'}]",,,,,,,,,
Long Tall Sally (Live in Germany),"['Live! at the Star-Club in Hamburg, Germany; 1962', {'Little Richard', 'Enotris Johnson', 'Robert Blackwell'}]","['N/A', {'Little Richard', 'Enotris Johnson', 'Robert Blackwell'}]",,,,,,,,,
Long Tall Sally [Live at the Hollywood Bowl],"['Live at the Hollywood Bowl', {'Little Richard', 'Enotris Johnson', 'Robert Blackwell'}]","['The Beatles at the Hollywood Bowl', {'Little Richard', 'Enotris Johnson', 'Robert Blackwell'}]","['N/A', {'Little Richard', 'Enotris Johnson', 'Robert Blackwell'}]",,,,,,,,
Love Me Do - Spankox Liverpool Remix,"['N/A', 'N/A', ['N/A']]","['N/A', 'N/A', ['N/A']]",,,,,,,,,
Love of the Loved,"['N/A', 'N/A', ['N/A']]","['N/A', 'N/A', ['N/A']]",,,,,,,,,
"Lucille (Live at the BBC for ""Saturday Club"" / 5th October, 1963)","['N/A', {'Little Richard', 'Albert Collins'}]","['On Air - Live At The BBC Volume 2', {'Little Richard', 'Albert Collins'}]","['Live At The BBC. Disk 1', {'Little Richard', 'Albert Collins'}]",,,,,,,,
Magical Mystery Tour - Film Script,"['N/A', 'N/A', ['N/A']]","['N/A', 'N/A', ['N/A']]",,,,,,,,,
"Mailman, Bring Me No More Blues","['N/A', 'N/A', ['N/A']]","['N/A', 'N/A', ['N/A']]","['1996', 'Anthology 3', ['N/A']]","['1996', 'Anthology 3', ['N/A']]",,,,,,,
Matchbox,"['The Beatles Again!!!', {'Carl Perkins'}]","['The U.S. Albums', {'Carl Perkins'}]","['Something New', {'Carl Perkins'}]","['Past Masters * Volume One', {'Carl Perkins'}]","['N/A', {'Carl Perkins'}]","['Rarities', {'Carl Perkins'}]","[""Rock 'n' Roll Music"", {'Carl Perkins'}]","['Long Tall Sally (EP)', {'Carl Perkins'}]",,,
Matchbox (Live in Germany),"['N/A', {'Carl Perkins'}]","['Live! at the Star-Club in Hamburg, Germany; 1962', {'Carl Perkins'}]",,,,,,,,,
Matchbox [Live at the BBC Disk 2],"['Live At The BBC. Disk 2', {'Carl Perkins'}]","['N/A', {'Carl Perkins'}]",,,,,,,,,
"Medley: Rip It Up / Shake, Rattle and Roll / Blue Suede Shoes","['Anthology 3', {'Carl Perkins', 'Robert Blackwell', 'John Marascalco', 'Jesse Stone'}]","['N/A', {'Carl Perkins', 'Robert Blackwell', 'John Marascalco', 'Jesse Stone'}]",,,,,,,,,
Memphis,"['N/A', 'N/A', ['N/A']]","['N/A', 'N/A', ['N/A']]",,,,,,,,,
"Memphis, Tennessee (Live at the BBC for ""Pop Go The Beatles"" / 30th July, 1963)","['N/A', {'Chuck Berry'}]","['Live At The BBC. Disk 1', {'Chuck Berry'}]",,,,,,,,,
Misery (Live),"['2013', 'On Air - Live At The BBC Volume 2', ['N/A']]","['2013', 'On Air - Live At The BBC Volume 2', ['N/A']]","['N/A', 'N/A', ['N/A']]","['N/A', 'N/A', ['N/A']]",,,,,,,
Money (That's What I Want),"['All My Loving (EP)', {'Berry Gordy', 'Janie Bradford'}]","['The Beatles (The Original Studio Recordings) Boxset', {'Berry Gordy', 'Janie Bradford'}]","[""The Beatles' Second Album"", {'Berry Gordy', 'Janie Bradford'}]","['N/A', {'Berry Gordy', 'Janie Bradford'}]","['With the Beatles', {'Berry Gordy', 'Janie Bradford'}]","['Anthology 1', {'Berry Gordy', 'Janie Bradford'}]","[""Rock 'n' Roll Music"", {'Berry Gordy', 'Janie Bradford'}]","['The Japan Box', {'Berry Gordy', 'Janie Bradford'}]","['The U.S. Albums', {'Berry Gordy', 'Janie Bradford'}]",,
Moonlight,"['N/A', 'N/A', ['N/A']]","['N/A', 'N/A', ['N/A']]",,,,,,,,,
Movie Medley,"['N/A', 'N/A', ['N/A']]","['N/A', 'N/A', ['N/A']]",,,,,,,,,
Mr. Moonlight,"['Beatles for Sale', {'Roy Lee Johnson'}]","['The Beatles (The Original Studio Recordings) Boxset', {'Roy Lee Johnson'}]","['4 By The Beatles', {'Roy Lee Johnson'}]","['Anthology Highlights', {'Roy Lee Johnson'}]","['N/A', {'Roy Lee Johnson'}]","[""Beatles '65"", {'Roy Lee Johnson'}]","['The U.S. Albums', {'Roy Lee Johnson'}]","['Anthology 1', {'Roy Lee Johnson'}]",,,
Mr. Moonlight (Live in Germany),"['First Live Recordings Volume One', {'Roy Lee Johnson'}]","['N/A', {'Roy Lee Johnson'}]","['Live! at the Star-Club in Hamburg, Germany; 1962', {'Roy Lee Johnson'}]",,,,,,,,
My Bonnie,"['Anthology 1', {'Tony Sheridan'}]","['I Saw Her Standing There', {'Tony Sheridan'}]","['N/A', {'Tony Sheridan'}]","['Very Together', {'Tony Sheridan'}]",,,,,,,
My Bonnie (English Intro),"['N/A', 'N/A', ['N/A']]","['N/A', 'N/A', ['N/A']]",,,,,,,,,
My Bonnie (German Intro),"['N/A', 'N/A', ['N/A']]","['N/A', 'N/A', ['N/A']]",,,,,,,,,
My Bonnie (Mein Herz Ist Bei Dir Nur),"['N/A', 'N/A', ['N/A']]","['N/A', 'N/A', ['N/A']]",,,,,,,,,
No Reply (Demo),"['N/A', 'N/A', ['N/A']]","['N/A', 'N/A', ['N/A']]",,,,,,,,,
Nobody's Child,"['N/A', {'Cy Coben', 'Mel Foree'}]","['Les Beatles', {'Cy Coben', 'Mel Foree'}]","['Very Together', {'Cy Coben', 'Mel Foree'}]","[""Ain't She Sweet"", {'Cy Coben', 'Mel Foree'}]",,,,,,,
One After 909 (Complete) [Takes 4 & 5],"['1995', 'Anthology 1', ['N/A']]","['1995', 'Anthology 1', ['N/A']]","['N/A', 'N/A', ['N/A']]","['N/A', 'N/A', ['N/A']]",,,,,,,
P.S. I Love You (Live),"['N/A', 'N/A', ['N/A']]","['N/A', 'N/A', ['N/A']]","['2013', 'On Air - Live At The BBC Volume 2', ['N/A']]","['2013', 'On Air - Live At The BBC Volume 2', ['N/A']]",,,,,,,
P.s. i love you - reloved version,"['N/A', 'N/A', ['N/A']]","['N/A', 'N/A', ['N/A']]",,,,,,,,,
Please Mister Postman,"['N/A', {'Georgia Dobbins', 'Robert Bateman', 'Brian Holland', 'William Garrett', 'Freddie Gorman'}]","['With the Beatles', {'Georgia Dobbins', 'Robert Bateman', 'Brian Holland', 'William Garrett', 'Freddie Gorman'}]","['The Japan Box', {'Georgia Dobbins', 'Robert Bateman', 'Brian Holland', 'William Garrett', 'Freddie Gorman'}]","['Four by the Beatles (EP)', {'Georgia Dobbins', 'Robert Bateman', 'Brian Holland', 'William Garrett', 'Freddie Gorman'}]","['The U.S. Albums', {'Georgia Dobbins', 'Robert Bateman', 'Brian Holland', 'William Garrett', 'Freddie Gorman'}]","['The Beatles (The Original Studio Recordings) Boxset', {'Georgia Dobbins', 'Robert Bateman', 'Brian Holland', 'William Garrett', 'Freddie Gorman'}]","[""The Beatles' Long Tall Sally"", {'Georgia Dobbins', 'Robert Bateman', 'Brian Holland', 'William Garrett', 'Freddie Gorman'}]","[""The Beatles' Second Album"", {'Georgia Dobbins', 'Robert Bateman', 'Brian Holland', 'William Garrett', 'Freddie Gorman'}]",,,
"Please, Mister Postman (Live)","['N/A', 'N/A', ['N/A']]","['N/A', 'N/A', ['N/A']]","['2013', 'On Air - Live At The BBC Volume 2', ['N/A']]","['2013', 'On Air - Live At The BBC Volume 2', ['N/A']]",,,,,,,
"Please, Please Me (Live)","['2013', 'On Air - Live At The BBC Volume 2', ['N/A']]","['2013', 'On Air - Live At The BBC Volume 2', ['N/A']]","['N/A', 'N/A', ['N/A']]","['N/A', 'N/A', ['N/A']]",,,,,,,
Ready Teddy,"['N/A', 'N/A', ['N/A']]","['N/A', 'N/A', ['N/A']]",,,,,,,,,
Recording Notes,"['N/A', 'N/A', ['N/A']]","['N/A', 'N/A', ['N/A']]",,,,,,,,,
Red Sails In The Sunset (Live in Germany),"['N/A', {'Hugh Williams', 'Jimmy Kennedy'}]","['Live! at the Star-Club in Hamburg, Germany; 1962', {'Hugh Williams', 'Jimmy Kennedy'}]",,,,,,,,,
Reminiscing,"['Live! at the Star-Club in Hamburg, Germany; 1962', {'King Curtis'}]","['N/A', {'King Curtis'}]",,,,,,,,,
Rip It Up (Medley),"['N/A', 'N/A', ['N/A']]","['N/A', 'N/A', ['N/A']]",,,,,,,,,
Rock and Roll Music,"['Beatles for Sale', {'Chuck Berry'}]","['The Beatles (The Original Studio Recordings) Boxset', {'Chuck Berry'}]","['N/A', {'Chuck Berry'}]","['Beatles For Sale (EP)', {'Chuck Berry'}]","['The Beatles for Kids - Morning, Afternoon & Night', {'Chuck Berry'}]","[""Beatles '65"", {'Chuck Berry'}]","['The U.S. Albums', {'Chuck Berry'}]","[""Rock 'n' Roll Music"", {'Chuck Berry'}]",,,
"Rock and Roll Music (Live at Nippon Budokan Hall, Tokyo)","['N/A', {'Chuck Berry'}]","['Anthology 2', {'Chuck Berry'}]",,,,,,,,,
Rock and Roll Music [Live at the BBC Disk 2],"['N/A', {'Chuck Berry'}]","['Live At The BBC. Disk 2', {'Chuck Berry'}]",,,,,,,,,
Roll Over Beethoven,"['The Beatles (The Original Studio Recordings) Boxset', {'Chuck Berry'}]","[""The Beatles' Second Album"", {'Chuck Berry'}]","['N/A', {'Chuck Berry'}]","['Anthology 1', {'Chuck Berry'}]","['With the Beatles', {'Chuck Berry'}]","['Four by the Beatles (EP)', {'Chuck Berry'}]","['The Japan Box', {'Chuck Berry'}]","[""Rock 'n' Roll Music"", {'Chuck Berry'}]","['The U.S. Albums', {'Chuck Berry'}]","[""The Beatles' Long Tall Sally"", {'Chuck Berry'}]",
"Roll Over Beethoven (Live at the BBC for ""Pop Go The Beatles"" / 3rd September, 1963)","['N/A', 'N/A', ['N/A']]","['N/A', 'N/A', ['N/A']]","['2013', 'On Air - Live At The BBC Volume 2', ['N/A']]","['2013', 'On Air - Live At The BBC Volume 2', ['N/A']]",,,,,,,
Roll Over Beethoven (Live in Germany),"['Live! at the Star-Club in Hamburg, Germany; 1962', {'Chuck Berry'}]","['N/A', {'Chuck Berry'}]",,,,,,,,,
Roll Over Beethoven [Live at the BBC Disk 2],"['Live At The BBC. Disk 2', {'Chuck Berry'}]","['N/A', {'Chuck Berry'}]",,,,,,,,,
Roll Over Beethoven [Live at the Hollywood Bowl],"['N/A', {'Chuck Berry'}]","['Live at the Hollywood Bowl', {'Chuck Berry'}]","['The Beatles at the Hollywood Bowl', {'Chuck Berry'}]",,,,,,,,
Saints,"['N/A', 'N/A', ['N/A']]","['N/A', 'N/A', ['N/A']]",,,,,,,,,
Saints (When The Saints Go Marching In),"['1969', 'Very Together', ['N/A']]","['1969', 'Very Together', ['N/A']]","['N/A', 'N/A', ['N/A']]","['N/A', 'N/A', ['N/A']]",,,,,,,
Save The Last Dance For Me,"['N/A', {'Pomus-Shuman'}]",,,,,,,,,,
September in the Rain,"['N/A', 'N/A', ['N/A']]","['N/A', 'N/A', ['N/A']]",,,,,,,,,
Sha La La La La!,"['N/A', 'N/A', ['N/A']]","['N/A', 'N/A', ['N/A']]",,,,,,,,,
"Shake, Rattle, And Roll","['N/A', 'N/A', ['N/A']]","['N/A', 'N/A', ['N/A']]",,,,,,,,,
Shimmy Shake (Live in Germany),"['N/A', {'Armand J. Piron'}]","['Live! at the Star-Club in Hamburg, Germany; 1962', {'Armand J. Piron'}]",,,,,,,,,
Shout,"['N/A', {'O’Kelly Isley', 'Ronald Isley', 'Rudolph Isley'}]","['Anthology 1', {'O’Kelly Isley', 'Ronald Isley', 'Rudolph Isley'}]",,,,,,,,,
Slow Down,"['The Beatles Again!!!', {'Larry Williams'}]","['Long Tall Sally (EP)', {'Larry Williams'}]","['N/A', {'Larry Williams'}]","['The U.S. Albums', {'Larry Williams'}]","['Something New', {'Larry Williams'}]","['Past Masters * Volume One', {'Larry Williams'}]","[""Rock 'n' Roll Music"", {'Larry Williams'}]","['Rarities', {'Larry Williams'}]",,,
Slow Down [Live at the BBC Disk 2],"['Live At The BBC. Disk 2', {'Larry Williams'}]","['N/A', {'Larry Williams'}]",,,,,,,,,
"Soldier of Love (Live at the BBC for ""Pop Go The Beatles"" / 16th July, 1963)","['N/A', {'Buzz Cason', 'Tony Moon'}]","['Live At The BBC. Disk 1', {'Buzz Cason', 'Tony Moon'}]",,,,,,,,,
Soldier of Love (Live at the BBC),"['Live At The BBC. Disk 1', {'Buzz Cason', 'Tony Moon'}]","['N/A', {'Buzz Cason', 'Tony Moon'}]",,,,,,,,,
Some Other Guy,"['N/A', {'Richie Barrett', 'Jerry Leiber', 'Mike Stoller'}]",,,,,,,,,,
"Some Other Guy (Live at the BBC for ""Easy Beat"" / 23rd June, 1963)","['N/A', {'Richie Barrett', 'Jerry Leiber', 'Mike Stoller'}]","['Live At The BBC. Disk 1', {'Richie Barrett', 'Jerry Leiber', 'Mike Stoller'}]",,,,,,,,,
St. Louis Blues (Studio Jam),"['The Beatles (White Album) [Super Deluxe]', {'W. C. Handy'}]","['N/A', {'W. C. Handy'}]",,,,,,,,,
Stage Settings,"['2008', 'Complete Rooftop Concert (Unofficial)', ['N/A']]","['2008', 'Complete Rooftop Concert (Unofficial)', ['N/A']]",,,,,,,,,
Stand By Me,"['1974', 'Now Again!', ['N/A']]","['1974', 'Now Again!', ['N/A']]","['N/A', 'N/A', ['N/A']]","['N/A', 'N/A', ['N/A']]",,,,,,,
Step Inside Love,"['N/A', 'N/A', ['N/A']]","['N/A', 'N/A', ['N/A']]",,,,,,,,,
Stranger in My Arms,"['N/A', 'N/A', ['N/A']]","['N/A', 'N/A', ['N/A']]",,,,,,,,,
Sure To Fall (In Love With You),"['On Air - Live At The BBC Volume 2', {'Carl Perkins'}]","['N/A', {'Carl Perkins'}]",,,,,,,,,
Sure to Fall,"['N/A', 'N/A', ['N/A']]","['N/A', 'N/A', ['N/A']]",,,,,,,,,
"Sure to Fall (In Love with You) [Live at the BBC for ""Pop Go The Beatles"" / 18th June, 1963]","['Live At The BBC. Disk 1', {'Quinton Claunch', 'Bill Cantrell', 'Carl Perkins'}]","['N/A', {'Quinton Claunch', 'Bill Cantrell', 'Carl Perkins'}]",,,,,,,,,
Suzy Parker,"['N/A', 'N/A', ['N/A']]","['N/A', 'N/A', ['N/A']]",,,,,,,,,
Swanee River,"['N/A', 'N/A', ['N/A']]","['N/A', 'N/A', ['N/A']]",,,,,,,,,
Sweet Georgia Brown,"['N/A', {'Kenneth Casey'}]","['The Savage Young Beatles', {'Kenneth Casey'}]","['Very Together', {'Kenneth Casey'}]","['Les Beatles', {'Kenneth Casey'}]","[""Ain't She Sweet"", {'Kenneth Casey'}]",,,,,,
Sweet Little Sixteen (Live in Germany),"['N/A', {'Chuck Berry'}]","['First Live Recordings Volume One', {'Chuck Berry'}]","['Live! at the Star-Club in Hamburg, Germany; 1962', {'Chuck Berry'}]",,,,,,,,
Sweet Little Sixteen [Live at the BBC Disk 2],"['Live At The BBC. Disk 2', {'Chuck Berry'}]","['N/A', {'Chuck Berry'}]",,,,,,,,,
Take Good Care of My Baby,"['N/A', {'Goffin and King', 'Gerry Goffin', 'Carole King'}]",,,,,,,,,,
Talkin' 'Bout You (Live in Germany),"['Live! at the Star-Club in Hamburg, Germany; 1962', {'Chuck Berry'}]","['N/A', {'Chuck Berry'}]",,,,,,,,,
Tell Me Why (EP),"['N/A', 'N/A', ['N/A']]","['N/A', 'N/A', ['N/A']]",,,,,,,,,
"That's All Right (Mama) [Live at the BBC for ""Pop Go The Beatles"" / 16th July, 1963]","['Live At The BBC. Disk 1', {'Arthur “Big Boy” Crudup'}]","['N/A', {'Arthur “Big Boy” Crudup'}]",,,,,,,,,
The Beatles Compilation Discography,"['N/A', 'N/A', ['N/A']]","['N/A', 'N/A', ['N/A']]",,,,,,,,,
The Happy Rishikesh Song,"['N/A', 'N/A', ['N/A']]","['N/A', 'N/A', ['N/A']]",,,,,,,,,
"The Honeymoon Song (Live at the BBC for ""Pop Go The Beatles"" / 6th August, 1963)","['N/A', {'Mikis Theodorakis', 'William Sansom'}]","['Live At The BBC. Disk 1', {'Mikis Theodorakis', 'William Sansom'}]",,,,,,,,,
The Sheik of Araby,"['Anthology 1', {'Ted Snyder', 'Harry B. Smith', 'Francine Wheeler'}]","['N/A', {'Ted Snyder', 'Harry B. Smith', 'Francine Wheeler'}]",,,,,,,,,
The Walk,"['N/A', {'Jimmy McCracklin'}]",,,,,,,,,,
There's A Place (Live),"['N/A', 'N/A', ['N/A']]","['N/A', 'N/A', ['N/A']]","['2013', 'On Air - Live At The BBC Volume 2', ['N/A']]","['2013', 'On Air - Live At The BBC Volume 2', ['N/A']]",,,,,,,
Till There Was You,"['With the Beatles', {'Meredith Willson'}]","['The Japan Box', {'Meredith Willson'}]","['Meet the Beatles!', {'Meredith Willson'}]","['N/A', {'Meredith Willson'}]","['Anthology 1', {'Meredith Willson'}]","['The Beatles (The Original Studio Recordings) Boxset', {'Meredith Willson'}]","['The Beatles Ballads', {'Meredith Willson'}]","['The U.S. Albums', {'Meredith Willson'}]",,,
"Till There Was You (Live at the BBC for ""From Us To You Say The Beatles"" / 10th March, 1964)","['Live At The BBC. Disk 1', {'Meredith Willson'}]","['First Live Recordings Volume One', {'Meredith Willson'}]","['N/A', {'Meredith Willson'}]",,,,,,,,
Till There Was You (Live),"['2013', 'On Air - Live At The BBC Volume 2', ['N/A']]","['2013', 'On Air - Live At The BBC Volume 2', ['N/A']]","['N/A', 'N/A', ['N/A']]","['N/A', 'N/A', ['N/A']]",,,,,,,
To Know Her Is To Love Her (Live in Germany),"['Live! at the Star-Club in Hamburg, Germany; 1962', {'Phil Spector'}]","['N/A', {'Phil Spector'}]",,,,,,,,,
"To Know Her Is to Love Her (Live at the BBC for ""Pop Go The Beatles"" / 6th August, 1963)","['Live At The BBC. Disk 1', {'Phil Spector'}]","['N/A', {'Phil Spector'}]",,,,,,,,,
To Know Her Is to Love Her (Live at the BBC),"['Live At The BBC. Disk 1', {'Phil Spector'}]","['N/A', {'Phil Spector'}]",,,,,,,,,
"Too Much Monkey Business (Live at the BBC for ""Pop Go The Beatles"" / 10th September, 1963)","['N/A', {'Chuck Berry'}]","['Live At The BBC. Disk 1', {'Chuck Berry'}]",,,,,,,,,
Twist And Shout (Live in Germany),"['Live! at the Star-Club in Hamburg, Germany; 1962', {'Bert Berns', 'Phil Medley'}]","['N/A', {'Bert Berns', 'Phil Medley'}]",,,,,,,,,
Twist And Shout - Remastered 2009,"['N/A', 'N/A', ['N/A']]","['N/A', 'N/A', ['N/A']]",,,,,,,,,
Twist and Shout,"['Please Please Me', {'Bert Berns', 'Phil Medley'}]","['The Early Beatles', {'Bert Berns', 'Phil Medley'}]","['Anthology 1', {'Bert Berns', 'Phil Medley'}]","['The Japan Box', {'Bert Berns', 'Phil Medley'}]","['The Beatles (The Original Studio Recordings) Boxset', {'Bert Berns', 'Phil Medley'}]","['The U.S. Albums', {'Bert Berns', 'Phil Medley'}]","['Twist and Shout (EP)', {'Bert Berns', 'Phil Medley'}]","['Introducing... The Beatles', {'Bert Berns', 'Phil Medley'}]","[""Rock 'n' Roll Music"", {'Bert Berns', 'Phil Medley'}]","['N/A', {'Bert Berns', 'Phil Medley'}]","['Twist and Shout', {'Bert Berns', 'Phil Medley'}]"
"Twist and Shout (Live at the BBC for ""Pop Go The Beatles"" / 6th August, 1963)","['2013', 'On Air - Live At The BBC Volume 2', ['N/A']]","['2013', 'On Air - Live At The BBC Volume 2', ['N/A']]","['N/A', 'N/A', ['N/A']]","['N/A', 'N/A', ['N/A']]",,,,,,,
Twist and Shout [Live at the Hollywood Bowl],"['N/A', {'Phil Medley'}]","['Live at the Hollywood Bowl', {'Phil Medley'}]","['The Beatles at the Hollywood Bowl', {'Phil Medley'}]",,,,,,,,
Twist and shout - reloved version,"['N/A', 'N/A', ['N/A']]","['N/A', 'N/A', ['N/A']]",,,,,,,,,
What Goes On Girl,"['N/A', 'N/A', ['N/A']]","['N/A', 'N/A', ['N/A']]",,,,,,,,,
When the saints go marchin' in,"['N/A', 'N/A', ['N/A']]","['N/A', 'N/A', ['N/A']]",,,,,,,,,
Where Have You Been All My Life,"['N/A', {'Cynthia Weil', 'Barry Mann'}]","['First Live Recordings Volume One', {'Cynthia Weil', 'Barry Mann'}]",,,,,,,,,
Words Of Love (EP),"['N/A', 'N/A', ['N/A']]","['N/A', 'N/A', ['N/A']]",,,,,,,,,
Words of Love,"['Beatles for Sale', {'Buddy Holly'}]","['Beatles VI', {'Buddy Holly'}]","['The Beatles (The Original Studio Recordings) Boxset', {'Buddy Holly'}]","['N/A', {'Buddy Holly'}]","['The U.S. Albums', {'Buddy Holly'}]","['Beatles for Sale, No. 2 (EP)', {'Buddy Holly'}]","['Love Songs', {'Buddy Holly'}]",,,,
Words of Love (Live),"['2013', 'On Air - Live At The BBC Volume 2', ['N/A']]","['2013', 'On Air - Live At The BBC Volume 2', ['N/A']]","['N/A', 'N/A', ['N/A']]","['N/A', 'N/A', ['N/A']]",,,,,,,
Ya Ya,"['1969', 'Very Together', ['N/A']]","['1969', 'Very Together', ['N/A']]","['1965', 'The Savage Young Beatles', ['N/A']]","['1965', 'The Savage Young Beatles', ['N/A']]","['N/A', 'N/A', ['N/A']]","['N/A', 'N/A', ['N/A']]",,,,,
Yellow Submarine - Script,"['N/A', 'N/A', ['N/A']]","['N/A', 'N/A', ['N/A']]",,,,,,,,,
Yo've Got to Hide Your Love Away,"['N/A', 'N/A', ['N/A']]","['N/A', 'N/A', ['N/A']]",,,,,,,,,
You Know My Name,"['N/A', 'N/A', ['N/A']]","['N/A', 'N/A', ['N/A']]",,,,,,,,,
You Know My Name (Look Up The Number) *FULL*,"['N/A', 'N/A', ['N/A']]","['N/A', 'N/A', ['N/A']]",,,,,,,,,
"You Really Got a Hold On Me (Live at the BBC for ""Saturday Club"" / 24th August, 1963)","['N/A', {'Smokey Robinson'}]","['Live At The BBC. Disk 1', {'Smokey Robinson'}]",,,,,,,,,
You Really Got a Hold on Me,"['The U.S. Albums', {'Smokey Robinson'}]","[""The Beatles' Long Tall Sally"", {'Smokey Robinson'}]","['The Beatles (The Original Studio Recordings) Boxset', {'Smokey Robinson'}]","[""The Beatles' Second Album"", {'Smokey Robinson'}]","['With the Beatles', {'Smokey Robinson'}]","['N/A', {'Smokey Robinson'}]","['Anthology 1', {'Smokey Robinson'}]",,,,
You've Got A Hold On Me,"['N/A', 'N/A', ['N/A']]","['N/A', 'N/A', ['N/A']]",,,,,,,,,
"You've Got To Hide Your Love Away - Take 5, Mono","['N/A', 'N/A', ['N/A']]","['N/A', 'N/A', ['N/A']]",,,,,,,,,
"Young Blood (Live at the BBC for ""Pop Go The Beatles"" / 11th June, 1963)","['Live At The BBC. Disk 1', {'Doc Pomus', 'Jerry Leiber', 'Mike Stoller'}]","['N/A', {'Doc Pomus', 'Jerry Leiber', 'Mike Stoller'}]",,,,,,,,,
Young Blood (Live at the BBC),"['N/A', {'Doc Pomus', 'Jerry Leiber', 'Mike Stoller'}]","['Live At The BBC. Disk 1', {'Doc Pomus', 'Jerry Leiber', 'Mike Stoller'}]",,,,,,,,,
Your Feet's Too Big (Live in Germany),"['Live! at the Star-Club in Hamburg, Germany; 1962', {'Ada Benson', 'Fred Fisher'}]","['N/A', {'Ada Benson', 'Fred Fisher'}]","['First Live Recordings Volume One', {'Ada Benson', 'Fred Fisher'}]",,,,,,,,
case of the blues,"['N/A', 'N/A', ['N/A']]","['N/A', 'N/A', ['N/A']]",,,,,,,,,
