,0,1,2,3
32-20 Blues,"['The Bootleg Series Vol. 8: Tell Tale Signs: Rare and Unreleased 1989-2006', {'Robert Johnson'}]","['N/A', {'Robert Johnson'}]",,
900 Miles from My Home,"['N/A', 'N/A', ['N/A']]","['N/A', 'N/A', ['N/A']]",,
A Fool Such as I,"['Dylan (1973)', {'Bill Trader'}]","['N/A', {'Bill Trader'}]",,
A Satisfied Mind,"['N/A', {'Red Hayes', 'Jack Rhodes'}]","['Saved', {'Red Hayes', 'Jack Rhodes'}]",,
Acne,"['N/A', 'N/A', ['N/A']]","['N/A', 'N/A', ['N/A']]",,
Alberta #1,"['N/A', {'Traditional'}]","['Self Portrait', {'Traditional'}]",,
Alberta #2,"['N/A', {'Traditional'}]","['Self Portrait', {'Traditional'}]",,
Alberta #3,"['N/A', {'Traditional'}]","['The Bootleg Series Vol. 10: Another Self Portrait (1969-1971)', {'Traditional'}]",,
All Along the Watchtower (English Final Assignment),"['N/A', 'N/A', ['N/A']]","['N/A', 'N/A', ['N/A']]",,
All American Boy,"['N/A', 'N/A', ['N/A']]","['N/A', 'N/A', ['N/A']]",,
All I Have To Do Is Dream,"['N/A', 'N/A', ['N/A']]","['N/A', 'N/A', ['N/A']]",,
All or Nothing at All,"['N/A', {'Jack Lawrence', 'Arthur Altman'}]","['Fallen Angels', {'Jack Lawrence', 'Arthur Altman'}]",,
All the Way,"['Fallen Angels', {'Jimmy Van Heusen', 'Sammy Cahn'}]","['N/A', {'Jimmy Van Heusen', 'Sammy Cahn'}]",,
Annie's Going to Sing Her Song,"['N/A', {'Tom Paxton'}]","['The Bootleg Series Vol. 10: Another Self Portrait (1969-1971)', {'Tom Paxton'}]",,
Arthur McBride,"['Good as I Been to You', {'Traditional'}]","['N/A', {'Traditional'}]",,
As Time Goes By,"['N/A', {'Herman Hupfeld'}]","['Triplicate', {'Herman Hupfeld'}]",,
Autumn Leaves,"['N/A', {'Joseph Kosma', 'Jacques Prévert', 'Johnny Mercer'}]","['Shadows in the Night', {'Joseph Kosma', 'Jacques Prévert', 'Johnny Mercer'}]",,
Baby Ain't That Fine,"['N/A', 'N/A', ['N/A']]","['N/A', 'N/A', ['N/A']]",,
Baby Please Don't Go,"['N/A', 'N/A', ['N/A']]","['N/A', 'N/A', ['N/A']]",,
"Baby, Let Me Follow You Down","['Bob Dylan', {'Traditional'}]","['Biograph', {'Traditional'}]","['N/A', {'Traditional'}]","['The Bootleg Series, Vol. 9: The Witmark Demos: 1962-1964', {'Traditional'}]"
"Baby, Let Me Follow You Down [Live 1966]","['The Bootleg Series Vol. 4: Bob Dylan Live 1966, The ""Royal Albert Hall"" Concert', {'Eric Von Schmidt'}]","['N/A', {'Eric Von Schmidt'}]",,
"Baby, Stop Crying","['N/A', {'Bob devito'}]","['Street-Legal', {'Bob devito'}]",,
Back Door Blues,"['N/A', 'N/A', ['N/A']]","['N/A', 'N/A', ['N/A']]",,
Backwater blues,"['N/A', 'N/A', ['N/A']]","['N/A', 'N/A', ['N/A']]",,
Ballad of Donald White,"['N/A', 'N/A', ['N/A']]","['N/A', 'N/A', ['N/A']]",,
Ballad of the Gliding Swan,"['N/A', 'N/A', ['N/A']]","['N/A', 'N/A', ['N/A']]",,
Band of the Hand,"['N/A', 'N/A', ['N/A']]","['N/A', 'N/A', ['N/A']]",,
Barbara Allen,"['N/A', {'Traditional'}]","['Live at the Gaslight 1962', {'Traditional'}]",,
Belle Isle,"['Self Portrait', {'Traditional'}]","['N/A', {'Traditional'}]","['The Bootleg Series Vol. 10: Another Self Portrait (1969-1971)', {'Traditional'}]",
Bells of Rhymney,"['N/A', 'N/A', ['N/A']]","['N/A', 'N/A', ['N/A']]",,
Big River,"[""The Bootleg Series Vol. 15: Travelin' Thru, 1967-1969"", {'Johnny Cash'}]","['N/A', {'Johnny Cash'}]",,
Big Yellow Taxi,"['Dylan (1973)', {'Joni Mitchell'}]","['N/A', {'Joni Mitchell'}]",,
Black Cross,"['N/A', 'N/A', ['N/A']]","['N/A', 'N/A', ['N/A']]",,
Blackjack Davey,"['N/A', {'Traditional Scottish Folk'}]","['Good as I Been to You', {'Traditional Scottish Folk'}]",,
Blood in My Eyes,"['N/A', {'Willie Brown'}]","['World Gone Wrong', {'Willie Brown'}]",,
Blue Moon,"['N/A', {'Lorenz Hart', 'Richard Rodgers'}]","['Self Portrait', {'Lorenz Hart', 'Richard Rodgers'}]",,
Blue Yodel No. 5,"['N/A', 'N/A', ['N/A']]","['N/A', 'N/A', ['N/A']]",,
Bob Dylan's 115th Dream (Take 2),"['2016', 'The Bootleg Series Vol. 12: The Cutting Edge (Collectors Edition)', ['N/A']]","['2016', 'The Bootleg Series Vol. 12: The Cutting Edge (Collectors Edition)', ['N/A']]","['N/A', 'N/A', ['N/A']]","['N/A', 'N/A', ['N/A']]"
Bob Dylan's New Orleans Rag,"['N/A', 'N/A', ['N/A']]","['N/A', 'N/A', ['N/A']]",,
Bonnie Ship the Diamond,"['N/A', 'N/A', ['N/A']]","['N/A', 'N/A', ['N/A']]",,
Boogie Woogie Country Girl,"['N/A', {'Doc Pomus', 'Reginald Ashby'}]",,,
"Bound to Lose, Bound to Win","['N/A', 'N/A', ['N/A']]","['N/A', 'N/A', ['N/A']]","['2010', 'The Bootleg Series, Vol. 9: The Witmark Demos: 1962-1964', ['N/A']]","['2010', 'The Bootleg Series, Vol. 9: The Witmark Demos: 1962-1964', ['N/A']]"
Bourbon Street,"['N/A', 'N/A', ['N/A']]","['N/A', 'N/A', ['N/A']]",,
Bring Me a Little Water,"['N/A', {'Traditional'}]","['The Bootleg Series Vol. 10: Another Self Portrait (1969-1971)', {'Traditional'}]",,
Broke Down Engine,"['N/A', {'Blind Willie McTell'}]","['World Gone Wrong', {'Blind Willie McTell'}]",,
But Beautiful,"['Triplicate', {'Jimmy Van Heusen', 'Johnny Burke'}]","['N/A', {'Jimmy Van Heusen', 'Johnny Burke'}]",,
Can't Help Falling in Love,"['Dylan (1973)', {'Hugo Peretti', 'Luigi Creatore', 'George Weiss'}]","['N/A', {'Hugo Peretti', 'Luigi Creatore', 'George Weiss'}]",,
Canadee-I-O,"['Good as I Been to You', {'Traditional'}]","['N/A', {'Traditional'}]",,
Car Car,"['N/A', 'N/A', ['N/A']]","['N/A', 'N/A', ['N/A']]",,
Careless Love,"['N/A', {'Traditional'}]","[""The Bootleg Series Vol. 15: Travelin' Thru, 1967-1969"", {'Traditional'}]",,
Christmas Island,"['Christmas in the Heart', {'Lyle Moraine'}]","['N/A', {'Lyle Moraine'}]",,
Cocaine,"['N/A', {'Traditional'}]","['Live at the Gaslight 1962', {'Traditional'}]",,
Cocaine Blues,"['N/A', {'T. J. Arnall'}]","['The Bootleg Series Vol. 8: Tell Tale Signs: Rare and Unreleased 1989-2006', {'T. J. Arnall'}]",,
Come All Ye Fair and Tender Ladies,"['N/A', 'N/A', ['N/A']]","['N/A', 'N/A', ['N/A']]",,
Come Rain or Come Shine,"['Fallen Angels', {'Harold Arlen', 'Johnny Mercer'}]","['N/A', {'Harold Arlen', 'Johnny Mercer'}]",,
Coming From The Heart,"['N/A', 'N/A', ['N/A']]","['N/A', 'N/A', ['N/A']]",,
Confidential,"['N/A', 'N/A', ['N/A']]","['N/A', 'N/A', ['N/A']]",,
Cool Water,"['N/A', 'N/A', ['N/A']]","['N/A', 'N/A', ['N/A']]",,
Copper Kettle,"['N/A', {'Albert Frank Beddoe'}]","['The Bootleg Series Vol. 10: Another Self Portrait (1969-1971)', {'Albert Frank Beddoe'}]",,
Copper Kettle (The Pale Moonlight),"['Self Portrait', {'Albert Frank Beddoe'}]","['N/A', {'Albert Frank Beddoe'}]",,
Crawling King Snake,"['N/A', 'N/A', ['N/A']]","['N/A', 'N/A', ['N/A']]",,
"Day In, Day Out","['Triplicate', {'Johnny Mercer', 'Rube Bloom'}]","['N/A', {'Johnny Mercer', 'Rube Bloom'}]",,
Days of 49,"['N/A', {'Alan Lomax', 'Traditional', 'Frank Warner', 'John Lomax'}]","['Self Portrait', {'Alan Lomax', 'Traditional', 'Frank Warner', 'John Lomax'}]","['The Bootleg Series Vol. 10: Another Self Portrait (1969-1971)', {'Alan Lomax', 'Traditional', 'Frank Warner', 'John Lomax'}]",
Dear Mrs. Roosevelt,"['N/A', 'N/A', ['N/A']]","['N/A', 'N/A', ['N/A']]",,
Death Don't Have No Mercy,"['N/A', 'N/A', ['N/A']]","['N/A', 'N/A', ['N/A']]",,
Delia,"['World Gone Wrong', {'Traditional'}]","['N/A', {'Traditional'}]",,
Denise,"['N/A', 'N/A', ['N/A']]","['N/A', 'N/A', ['N/A']]",,
Diamond Joe,"['Good as I Been to You', {'Traditional'}]","['N/A', {'Traditional'}]",,
Dignity (alternate version),"['N/A', 'N/A', ['N/A']]","['N/A', 'N/A', ['N/A']]",,
Dixie,"['N/A', 'N/A', ['N/A']]","['N/A', 'N/A', ['N/A']]",,
Do Re Mi,"['N/A', 'N/A', ['N/A']]","['N/A', 'N/A', ['N/A']]",,
Do You Hear What I Hear?,"['Christmas in the Heart', {'Gloria Shayne Baker', 'Noel Regney'}]","['N/A', {'Gloria Shayne Baker', 'Noel Regney'}]",,
Don't Ever Take Yourself Away,"['N/A', 'N/A', ['N/A']]","['N/A', 'N/A', ['N/A']]",,
Down on Me,"['N/A', 'N/A', ['N/A']]","['N/A', 'N/A', ['N/A']]",,
Duncan and Brady,"['The Bootleg Series Vol. 8: Tell Tale Signs: Rare and Unreleased 1989-2006', {'Traditional'}]","['N/A', {'Traditional'}]",,
Dusty Old Fairgrounds,"['N/A', 'N/A', ['N/A']]","['N/A', 'N/A', ['N/A']]",,
Early Mornin' Rain,"['Self Portrait', {'Gordon Lightfoot'}]","['N/A', {'Gordon Lightfoot'}]",,
Endless Highway,"['N/A', 'N/A', ['N/A']]","['N/A', 'N/A', ['N/A']]",,
Five Feet High and Rising,"['N/A', {'Johnny Cash'}]","[""The Bootleg Series Vol. 15: Travelin' Thru, 1967-1969"", {'Johnny Cash'}]",,
Fixin' To Die Blues,"['N/A', 'N/A', ['N/A']]","['N/A', 'N/A', ['N/A']]",,
Four Strong Winds,"['N/A', 'N/A', ['N/A']]","['N/A', 'N/A', ['N/A']]",,
Frankie & Albert,"['N/A', {'Traditional', 'Mississippi John Hurt'}]","['Good as I Been to You', {'Traditional', 'Mississippi John Hurt'}]",,
Freedom for the Stallion,"['N/A', 'N/A', ['N/A']]","['N/A', 'N/A', ['N/A']]",,
Froggie Went A-Courtin',"['Good as I Been to You', {'Traditional'}]","['N/A', {'Traditional'}]",,
Full Moon and Empty Arms,"['N/A', {'Ted Mossman', 'Buddy Kaye'}]","['Shadows in the Night', {'Ted Mossman', 'Buddy Kaye'}]",,
George Jackson,"['N/A', 'N/A', ['N/A']]","['N/A', 'N/A', ['N/A']]",,
Get Your Rocks Off,"['N/A', 'N/A', ['N/A']]","['N/A', 'N/A', ['N/A']]",,
Go 'Way Little Boy,"['N/A', 'N/A', ['N/A']]","['N/A', 'N/A', ['N/A']]",,
Going to New Orleans,"['N/A', 'N/A', ['N/A']]","['N/A', 'N/A', ['N/A']]",,
Good Old Mountain Dew,"['N/A', {'Bascom Lamar Lunsford', 'Scotty Wiseman'}]","[""The Bootleg Series Vol. 15: Travelin' Thru, 1967-1969"", {'Bascom Lamar Lunsford', 'Scotty Wiseman'}]",,
Gospel Plow,"['N/A', {'Traditional'}]","['Bob Dylan', {'Traditional'}]",,
Gotta Travel On,"['Self Portrait', {'Paul Clayton', 'David Lazar', 'Larry Ehrlich', 'Tom Six'}]","['N/A', {'Paul Clayton', 'David Lazar', 'Larry Ehrlich', 'Tom Six'}]",,
"Grammy Speech, 2015 from NYT","['N/A', 'N/A', ['N/A']]","['N/A', 'N/A', ['N/A']]",,
Grand Coulee Dam,"['N/A', 'N/A', ['N/A']]","['N/A', 'N/A', ['N/A']]",,
Guess Things Happen That Way,"['N/A', {'Jack Clement'}]","[""The Bootleg Series Vol. 15: Travelin' Thru, 1967-1969"", {'Jack Clement'}]",,
"Guns, the Falcon's Mouthbook & Gashcat Unpunished","['N/A', 'N/A', ['N/A']]","['N/A', 'N/A', ['N/A']]",,
Hallelujah,"['N/A', {'Leonard Cohen'}]",,,
Handsome Molly,"['Live at the Gaslight 1962', {'Traditional'}]","['N/A', {'Traditional'}]",,
Hard Times,"['N/A', {'Traditional', 'Stephen Foster'}]","['Good as I Been to You', {'Traditional', 'Stephen Foster'}]",,
Hark the Herald Angels Sing,"['Christmas in the Heart', {'Charles Wesley', 'George Whitefield', 'William H. Cummings', 'Felix Mendelssohn'}]","['N/A', {'Charles Wesley', 'George Whitefield', 'William H. Cummings', 'Felix Mendelssohn'}]",,
Have Yourself a Merry Little Christmas,"['N/A', {'Hugh Martin', 'Ralph Blane'}]","['Christmas in the Heart', {'Hugh Martin', 'Ralph Blane'}]",,
He Was a Friend of Mine,"['N/A', {'Traditional'}]","['The Bootleg Series Volumes 1-3 (Rare & Unreleased) 1961-1991', {'Traditional'}]",,
He's Funny That Way,"['N/A', {'Richard Whiting', 'Neil Moret'}]",,,
Here Comes Santa Claus,"['Christmas in the Heart', {'Oakley Haldeman', 'Gene Autry'}]","['N/A', {'Oakley Haldeman', 'Gene Autry'}]",,
Here's That Rainy Day,"['N/A', {'Jimmy Van Heusen', 'Johnny Burke'}]","['Triplicate', {'Jimmy Van Heusen', 'Johnny Burke'}]",,
Hiding Too Long,"['N/A', 'N/A', ['N/A']]","['N/A', 'N/A', ['N/A']]",,
Highway 51,"['Bob Dylan', {'Curtis Jones'}]","['N/A', {'Curtis Jones'}]",,
Hiram Hubbard,"['N/A', 'N/A', ['N/A']]","['N/A', 'N/A', ['N/A']]",,
Honey Babe,"['N/A', 'N/A', ['N/A']]","['N/A', 'N/A', ['N/A']]",,
House Carpenter,"['The Bootleg Series Volumes 1-3 (Rare & Unreleased) 1961-1991', {'Traditional'}]","['N/A', {'Traditional'}]","['The Bootleg Series Vol. 10: Another Self Portrait (1969-1971)', {'Traditional'}]",
House of the Risin' Sun,"['N/A', {'Traditional'}]","['Bob Dylan', {'Traditional'}]",,
House of the Rising Sun,"['N/A', {'Traditional'}]",,,
How Deep Is the Ocean?,"['N/A', {'Irving Berlin'}]","['Triplicate', {'Irving Berlin'}]",,
Hurricane (cut),"['N/A', 'N/A', ['N/A']]","['N/A', 'N/A', ['N/A']]",,
I Ain't Got No Home,"['N/A', 'N/A', ['N/A']]","['N/A', 'N/A', ['N/A']]",,
I Can't Come In with a Broken Heart,"['N/A', 'N/A', ['N/A']]","['N/A', 'N/A', ['N/A']]",,
I Can't Get You Off Of My Mind,"['N/A', {'Hank Williams'}]",,,
I Could Have Told You,"['N/A', {'Jimmy Van Heusen', 'Carl Sigman'}]","['Triplicate', {'Jimmy Van Heusen', 'Carl Sigman'}]",,
I Couldn't Sleep a Wink Last Night,"['N/A', {'Jimmy McHugh', 'Harold Adamson'}]","['Triplicate', {'Jimmy McHugh', 'Harold Adamson'}]",,
I Don't Hurt Anymore,"['N/A', {'Don Robertson', 'Jack Rollins'}]",,,
I Forgot More Than You'll Ever Know,"['N/A', 'N/A', ['N/A']]","['N/A', 'N/A', ['N/A']]","['1970', 'Self Portrait', ['N/A']]","['1970', 'Self Portrait', ['N/A']]"
I Guess I'll Have to Change My Plans,"['Triplicate', {'Howard Dietz', 'Arthur Schwartz'}]","['N/A', {'Howard Dietz', 'Arthur Schwartz'}]",,
I Still Miss Someone,"['N/A', {'Johnny Cash', 'Roy Cash Jr.'}]","[""The Bootleg Series Vol. 15: Travelin' Thru, 1967-1969"", {'Johnny Cash', 'Roy Cash Jr.'}]",,
I Walk the Line,"['N/A', {'Johnny Cash'}]","[""The Bootleg Series Vol. 15: Travelin' Thru, 1967-1969"", {'Johnny Cash'}]",,
I'd Have You Anytime,"['N/A', 'N/A', ['N/A']]","['N/A', 'N/A', ['N/A']]",,
I'll Be Home for Christmas,"['N/A', {'Kim Gannon', 'Walter Kent', 'Buck Ram'}]","['Christmas in the Heart', {'Kim Gannon', 'Walter Kent', 'Buck Ram'}]",,
I'm Your Teenage Prayer,"['N/A', 'N/A', ['N/A']]","['N/A', 'N/A', ['N/A']]",,
I'm a Fool to Want You,"['Shadows in the Night', {'Frank Sinatra', 'Jack Wolf', 'Joel Herron'}]","['N/A', {'Frank Sinatra', 'Jack Wolf', 'Joel Herron'}]",,
Imagination,"['Triplicate', {'Jimmy Van Heusen', 'Johnny Burke'}]","['N/A', {'Jimmy Van Heusen', 'Johnny Burke'}]",,
In My Time of Dyin',"['Bob Dylan', {'Blind Willie Johnson'}]","['N/A', {'Blind Willie Johnson'}]",,
In Search of Little Sadie,"['N/A', {'Traditional'}]","['Self Portrait', {'Traditional'}]","['The Bootleg Series Vol. 10: Another Self Portrait (1969-1971)', {'Traditional'}]",
In the Evening,"['N/A', 'N/A', ['N/A']]","['N/A', 'N/A', ['N/A']]",,
In the Pines,"['N/A', 'N/A', ['N/A']]","['N/A', 'N/A', ['N/A']]",,
It Gets Lonely Early,"['N/A', {'Jimmy Van Heusen', 'Sammy Cahn'}]","['Triplicate', {'Jimmy Van Heusen', 'Sammy Cahn'}]",,
It Had to Be You,"['N/A', {'Gus Kahn', 'Isham Jones'}]","['Fallen Angels', {'Gus Kahn', 'Isham Jones'}]",,
It Hurts Me Too,"['N/A', {'Traditional'}]","['Self Portrait', {'Traditional'}]",,
It Must Be Santa,"['N/A', 'N/A', ['N/A']]","['N/A', 'N/A', ['N/A']]",,
It's Alright Mama,"['N/A', 'N/A', ['N/A']]","['N/A', 'N/A', ['N/A']]",,
It's Funny to Everyone But Me,"['Triplicate', {'Jack Lawrence (songwriter)'}]","['N/A', {'Jack Lawrence (songwriter)'}]",,
Jack-A-Roe,"['N/A', {'Traditional'}]","['World Gone Wrong', {'Traditional'}]",,
James Alley Blues,"['N/A', 'N/A', ['N/A']]","['N/A', 'N/A', ['N/A']]",,
Jim Jones,"['Good as I Been to You', {'Traditional'}]","['N/A', {'Traditional'}]",,
Johnny Todd,"['N/A', 'N/A', ['N/A']]","['N/A', 'N/A', ['N/A']]",,
Joshua Gone Barbados,"['N/A', 'N/A', ['N/A']]","['N/A', 'N/A', ['N/A']]",,
Just a Closer Walk with Thee,"['N/A', 'N/A', ['N/A']]","['N/A', 'N/A', ['N/A']]",,
Keep Your Hands Off Her,"['N/A', 'N/A', ['N/A']]","['N/A', 'N/A', ['N/A']]",,
Key To The Highway,"['N/A', 'N/A', ['N/A']]","['N/A', 'N/A', ['N/A']]",,
Kindhearted Woman Blues,"['N/A', 'N/A', ['N/A']]","['N/A', 'N/A', ['N/A']]",,
Kingsport Town,"['N/A', {'Traditional'}]","['The Bootleg Series Volumes 1-3 (Rare & Unreleased) 1961-1991', {'Traditional'}]",,
Let It Be Me,"['Self Portrait', {'Gilbert Bécaud', 'Pierre Delanoë', 'Mann Curtis'}]","['N/A', {'Gilbert Bécaud', 'Pierre Delanoë', 'Mann Curtis'}]",,
Let's Keep It Between Us,"['N/A', 'N/A', ['N/A']]","['N/A', 'N/A', ['N/A']]",,
Let's Stick Together,"['N/A', {'Wilbert Harrison'}]","['Down in the Groove', {'Wilbert Harrison'}]",,
Like A Rolling Stone (Video),"['N/A', 'N/A', ['N/A']]","['N/A', 'N/A', ['N/A']]",,
Lily of the West,"['N/A', {'Traditional'}]","['Dylan (1973)', {'Traditional'}]",,
Little Drummer Boy,"['Christmas in the Heart', {'Katherine Kennicott Davis', 'Henry Onorati', 'Harry Simeone'}]","['N/A', {'Katherine Kennicott Davis', 'Henry Onorati', 'Harry Simeone'}]",,
Little Maggie,"['N/A', {'Traditional'}]","['Good as I Been to You', {'Traditional'}]",,
Little Sadie,"['N/A', {'Traditional'}]","['The Bootleg Series Vol. 10: Another Self Portrait (1969-1971)', {'Traditional'}]","['Self Portrait', {'Traditional'}]",
Lone Pilgrim,"['World Gone Wrong', {'Benjamin Franklin W', 'Adger M. Pace'}]","['N/A', {'Benjamin Franklin W', 'Adger M. Pace'}]",,
Lonesome River Edge,"['N/A', 'N/A', ['N/A']]","['N/A', 'N/A', ['N/A']]",,
Lonesome Whistle Blues,"['N/A', 'N/A', ['N/A']]","['N/A', 'N/A', ['N/A']]",,
Lost Highway,"['N/A', {'Leon Payne'}]",,,
Love Henry,"['World Gone Wrong', {'Traditional'}]","['N/A', {'Traditional'}]",,
Love Minus Zero/No Limit (Take 2),"['2016', 'The Bootleg Series Vol. 12: The Cutting Edge (Collectors Edition)', ['N/A']]","['2016', 'The Bootleg Series Vol. 12: The Cutting Edge (Collectors Edition)', ['N/A']]","['N/A', 'N/A', ['N/A']]","['N/A', 'N/A', ['N/A']]"
Lunatic Princess (Take 1),"['N/A', 'N/A', ['N/A']]","['N/A', 'N/A', ['N/A']]","['2016', 'The Bootleg Series Vol. 12: The Cutting Edge (Collectors Edition)', ['N/A']]","['2016', 'The Bootleg Series Vol. 12: The Cutting Edge (Collectors Edition)', ['N/A']]"
Mary Ann,"['Dylan (1973)', {'Traditional'}]","['N/A', {'Traditional'}]",,
Mary and the Soldier,"['N/A', {'Traditional'}]","['The Bootleg Series Vol. 8: Tell Tale Signs: Rare and Unreleased 1989-2006', {'Traditional'}]",,
Matchbox,"[""The Bootleg Series Vol. 15: Travelin' Thru, 1967-1969"", {'Carl Perkins'}]","['N/A', {'Carl Perkins'}]",,
Maybe You'll Be There,"['Fallen Angels', {'Sammy Gallop', 'Rube Bloom'}]","['N/A', {'Sammy Gallop', 'Rube Bloom'}]",,
Melancholy Mood,"['N/A', {'Vick R. Knight, Sr.', 'Walter Schumann'}]","['Fallen Angels', {'Vick R. Knight, Sr.', 'Walter Schumann'}]",,
Milkcow's Calf Blues,"['N/A', 'N/A', ['N/A']]","['N/A', 'N/A', ['N/A']]",,
Miss the Mississippi,"['The Bootleg Series Vol. 8: Tell Tale Signs: Rare and Unreleased 1989-2006', {'Bill Halley'}]","['N/A', {'Bill Halley'}]",,
Moonshiner,"['N/A', {'Traditional'}]","['The Bootleg Series Volumes 1-3 (Rare & Unreleased) 1961-1991', {'Traditional'}]",,
Moonshiner [Gaslight 1962],"['N/A', {'Traditional'}]","['Live at the Gaslight 1962', {'Traditional'}]",,
Most Likely You Go Your Way,"['N/A', 'N/A', ['N/A']]","['N/A', 'N/A', ['N/A']]",,
Motherless Children,"['N/A', 'N/A', ['N/A']]","['N/A', 'N/A', ['N/A']]",,
Mr. Bojangles,"['Dylan (1973)', {'Jerry Jeff Walker'}]","['N/A', {'Jerry Jeff Walker'}]",,
Muleskinner Blues,"['N/A', {'Vaughn Horton', 'Jimmie Rodgers'}]",,,
MusiCares Person of the Year Speech,"['N/A', 'N/A', ['N/A']]","['N/A', 'N/A', ['N/A']]",,
Must Be Santa,"['Christmas in the Heart', {'William Fredericks', 'Hal Moore'}]","['N/A', {'William Fredericks', 'Hal Moore'}]",,
My Blue Eyed Jane,"['N/A', {'Jimmie Rodgers', 'LuLu Belle White'}]",,,
My Eyes,"['N/A', {'John Lennon'}]",,,
My One and Only Love,"['N/A', {'Guy Wood', 'Robert Mellin'}]","['Triplicate', {'Guy Wood', 'Robert Mellin'}]",,
Naomi Wise,"['N/A', 'N/A', ['N/A']]","['N/A', 'N/A', ['N/A']]",,
Nevertheless,"['N/A', {'Harry Ruby', 'Bert Kalmar'}]","['Fallen Angels', {'Harry Ruby', 'Bert Kalmar'}]",,
Night After Night,"['N/A', 'N/A', ['N/A']]","['N/A', 'N/A', ['N/A']]",,
Ninety Miles an Hour (Down a Dead End Street),"['N/A', {'Hal Blair', 'Don Robertson'}]","['Down in the Groove', {'Hal Blair', 'Don Robertson'}]",,
No More Auction Block,"['N/A', {'Traditional'}]","['The Bootleg Series Volumes 1-3 (Rare & Unreleased) 1961-1991', {'Traditional'}]",,
O' Come All Ye Faithful (Adeste Fideles),"['Christmas in the Heart', {'John Francis Wade', 'Frederick Oakeley'}]","['N/A', {'John Francis Wade', 'Frederick Oakeley'}]",,
O' Little Town of Bethlehem,"['N/A', {'Traditional'}]","['Christmas in the Heart', {'Traditional'}]",,
On a Little Street in Singapore,"['N/A', {'Billy Hill', 'Peter DeRose'}]","['Fallen Angels', {'Billy Hill', 'Peter DeRose'}]",,
On a Rainy Afternoon,"['N/A', 'N/A', ['N/A']]","['N/A', 'N/A', ['N/A']]",,
Once Upon a Time,"['N/A', {'Lee Adams', 'Charles Strouse'}]","['Triplicate', {'Lee Adams', 'Charles Strouse'}]",,
One for the Road,"['N/A', 'N/A', ['N/A']]","['N/A', 'N/A', ['N/A']]",,
Outlaw Blues (Take 2),"['N/A', 'N/A', ['N/A']]","['N/A', 'N/A', ['N/A']]","['2016', 'The Bootleg Series Vol. 12: The Cutting Edge (Collectors Edition)', ['N/A']]","['2016', 'The Bootleg Series Vol. 12: The Cutting Edge (Collectors Edition)', ['N/A']]"
P.S. I Love You,"['Triplicate', {'Gordon Jenkins', 'Johnny Mercer'}]","['N/A', {'Gordon Jenkins', 'Johnny Mercer'}]",,
People Get Ready,"['N/A', 'N/A', ['N/A']]","['N/A', 'N/A', ['N/A']]",,
Polka Dots and Moonbeams,"['Fallen Angels', {'Jimmy Van Heusen', 'Johnny Burke'}]","['N/A', {'Jimmy Van Heusen', 'Johnny Burke'}]",,
Poor Lazarus,"['N/A', 'N/A', ['N/A']]","['N/A', 'N/A', ['N/A']]",,
Precious Memories,"['Knocked Out Loaded', {'Traditional', 'J.B.F. Wright'}]","['N/A', {'Traditional', 'J.B.F. Wright'}]",,
Pretty Boy Floyd,"['N/A', {'Woody Guthrie'}]",,,
Pretty Polly,"['N/A', 'N/A', ['N/A']]","['N/A', 'N/A', ['N/A']]",,
Pretty Saro,"['The Bootleg Series Vol. 10: Another Self Portrait (1969-1971)', {'Traditional'}]","['N/A', {'Traditional'}]",,
Ragged and Dirty,"['World Gone Wrong', {'Willie Brown'}]","['N/A', {'Willie Brown'}]",,
Railroad Bill,"['N/A', {'Traditional'}]","['The Bootleg Series Vol. 10: Another Self Portrait (1969-1971)', {'Traditional'}]",,
"Rambler, Gambler","['N/A', {'Traditional'}]","['The Bootleg Series Vol. 7: No Direction Home: The Soundtrack', {'Traditional'}]",,
Ramblin' on My Mind,"['N/A', 'N/A', ['N/A']]","['N/A', 'N/A', ['N/A']]",,
Rank Strangers to Me,"['Down in the Groove', {'Albert E. Brumley'}]","['N/A', {'Albert E. Brumley'}]",,
Red Cadillac and a Black Moustache,"['N/A', {'Lillian May', 'Willie Bea Thompson'}]",,,
Return To Me,"['N/A', 'N/A', ['N/A']]","['N/A', 'N/A', ['N/A']]",,
Ring of Fire,"[""The Bootleg Series Vol. 15: Travelin' Thru, 1967-1969"", {'Merle Kilgore', 'June Carter Cash'}]","['N/A', {'Merle Kilgore', 'June Carter Cash'}]",,
Rita May,"['N/A', 'N/A', ['N/A']]","['N/A', 'N/A', ['N/A']]",,
Roving Gambler,"['N/A', 'N/A', ['N/A']]","['N/A', 'N/A', ['N/A']]",,
Sally Sue Brown,"['N/A', {'Earl Montgomery', 'Arthur June Alexander', 'Tom Stafford'}]","['Down in the Groove', {'Earl Montgomery', 'Arthur June Alexander', 'Tom Stafford'}]",,
Sarah Jane,"['Dylan (1973)', {'Traditional'}]","['N/A', {'Traditional'}]",,
See That My Grave Is Kept Clean,"['N/A', {'Blind Lemon Jefferson'}]","['Bob Dylan', {'Blind Lemon Jefferson'}]",,
Senor,"['N/A', 'N/A', ['N/A']]","['N/A', 'N/A', ['N/A']]",,
Sentimental Journey,"['N/A', {'Les Brown', 'Bud Green', 'Ben Homer'}]","['Triplicate', {'Les Brown', 'Bud Green', 'Ben Homer'}]",,
September of My Years,"['Triplicate', {'Jimmy Van Heusen', 'Sammy Cahn'}]","['N/A', {'Jimmy Van Heusen', 'Sammy Cahn'}]",,
She Belongs to Me (Take 1),"['2016', 'The Bootleg Series Vol. 12: The Cutting Edge (Collectors Edition)', ['N/A']]","['2016', 'The Bootleg Series Vol. 12: The Cutting Edge (Collectors Edition)', ['N/A']]","['N/A', 'N/A', ['N/A']]","['N/A', 'N/A', ['N/A']]"
Shenandoah,"['Down in the Groove', {'Traditional'}]","['N/A', {'Traditional'}]",,
Sign on the Cross,"['N/A', 'N/A', ['N/A']]","['N/A', 'N/A', ['N/A']]",,
Silent Weekend,"['N/A', 'N/A', ['N/A']]","['N/A', 'N/A', ['N/A']]",,
Silver Bells,"['N/A', {'Jay Livingston', 'Ray Evans'}]","['Christmas in the Heart', {'Jay Livingston', 'Ray Evans'}]",,
Silver Dagger,"['The Bootleg Series Vol. 6: Bob Dylan Live 1964, Concert at Philharmonic Hall', {'Traditional'}]","['N/A', {'Traditional'}]",,
Sittin' on Top of the World,"['Good as I Been to You', {'Walter Vinson', 'Traditional', 'Lonnie Chatmon'}]","['N/A', {'Walter Vinson', 'Traditional', 'Lonnie Chatmon'}]",,
Skylark,"['N/A', {'Johnny Mercer', 'Hoagy Carmichael'}]","['Fallen Angels', {'Johnny Mercer', 'Hoagy Carmichael'}]",,
Some Enchanted Evening,"['N/A', {'Oscar Hammerstein II', 'Richard Rodgers'}]","['Shadows in the Night', {'Oscar Hammerstein II', 'Richard Rodgers'}]",,
Somebody Touched Me,"['N/A', 'N/A', ['N/A']]","['N/A', 'N/A', ['N/A']]",,
Somewhere Along the Way,"['Triplicate', {'Jimmy Van Heusen', 'Sammy Gallop'}]","['N/A', {'Jimmy Van Heusen', 'Sammy Gallop'}]",,
Spanish Is the Loving Tongue,"['Dylan (1973)', {'Billy Simon', 'Charles Badger Clark'}]","['N/A', {'Billy Simon', 'Charles Badger Clark'}]","['The Bootleg Series Vol. 10: Another Self Portrait (1969-1971)', {'Billy Simon', 'Charles Badger Clark'}]",
Stack A Lee,"['N/A', {'Traditional'}]","['World Gone Wrong', {'Traditional'}]",,
Stage Fright,"['N/A', 'N/A', ['N/A']]","['N/A', 'N/A', ['N/A']]",,
Stardust,"['Triplicate', {'Mitchell Parish', 'Hoagy Carmichael'}]","['N/A', {'Mitchell Parish', 'Hoagy Carmichael'}]",,
Stay with Me,"['Shadows in the Night', {'Carolyn Leigh', 'Jerome Moross'}]","['N/A', {'Carolyn Leigh', 'Jerome Moross'}]",,
Step It Up and Go,"['N/A', {'Traditional'}]","['Good as I Been to You', {'Traditional'}]",,
Stormy Weather,"['N/A', {'Harold Arlen', 'Ted Koehler'}]","['Triplicate', {'Harold Arlen', 'Ted Koehler'}]",,
Subterranean Homesick Blues (Take 1),"['N/A', 'N/A', ['N/A']]","['N/A', 'N/A', ['N/A']]","['2016', 'The Bootleg Series Vol. 12: The Cutting Edge (Collectors Edition)', ['N/A']]","['2016', 'The Bootleg Series Vol. 12: The Cutting Edge (Collectors Edition)', ['N/A']]"
T for Texas,"['N/A', {'Jimmie Rodgers'}]",,,
Take Me As I Am (Or Let Me Go),"['Self Portrait', {'Boudleaux Bryant'}]","['N/A', {'Boudleaux Bryant'}]",,
Take a Message to Mary,"['Self Portrait', {'Boudleaux Bryant', 'Felice Bryant'}]","['N/A', {'Boudleaux Bryant', 'Felice Bryant'}]",,
Talkin' Hava Negeilah Blues,"['N/A', {'Traditional'}]","['The Bootleg Series Volumes 1-3 (Rare & Unreleased) 1961-1991', {'Traditional'}]",,
That Lucky Old Sun,"['Shadows in the Night', {'Beasley Smith', 'Haven Gillespie'}]","['N/A', {'Beasley Smith', 'Haven Gillespie'}]",,
That Old Black Magic,"['Fallen Angels', {'Vick R. Knight', 'Walter Schumann'}]","['N/A', {'Vick R. Knight', 'Walter Schumann'}]",,
That Old Feeling,"['Triplicate', {'Lew Brown', 'Sammy Fain'}]","['N/A', {'Lew Brown', 'Sammy Fain'}]",,
"That's All Right, Mama","[""The Bootleg Series Vol. 15: Travelin' Thru, 1967-1969"", {'Arthur “Big Boy” Crudup'}]","['N/A', {'Arthur “Big Boy” Crudup'}]",,
That's Alright Mama,"['N/A', 'N/A', ['N/A']]","['N/A', 'N/A', ['N/A']]",,
The 1913 massacre,"['N/A', 'N/A', ['N/A']]","['N/A', 'N/A', ['N/A']]",,
The Ballad of Ira Hayes,"['Dylan (1973)', {'Peter La Farge'}]","['N/A', {'Peter La Farge'}]",,
The Best Is Yet to Come,"['N/A', {'Carolyn Leigh', 'Cy Coleman'}]","['Triplicate', {'Carolyn Leigh', 'Cy Coleman'}]",,
The Boxer,"['Self Portrait', {'Paul Simon', 'Art Garfunkel'}]","['N/A', {'Paul Simon', 'Art Garfunkel'}]",,
The Christmas Blues,"['Christmas in the Heart', {'Sammy Cahn', 'David Jack Holt'}]","['N/A', {'Sammy Cahn', 'David Jack Holt'}]",,
The Christmas Song,"['N/A', {'Robert Wells', 'Mel Tormé'}]","['Christmas in the Heart', {'Robert Wells', 'Mel Tormé'}]",,
The Cuckoo (Is A Pretty Bird) [Gaslight 1962],"['N/A', {'Traditional'}]","['Live at the Gaslight 1962', {'Traditional'}]",,
The Death Of Mett Till,"['N/A', 'N/A', ['N/A']]","['N/A', 'N/A', ['N/A']]",,
The First Noel,"['Christmas in the Heart', {'Traditional'}]","['N/A', {'Traditional'}]",,
The Girl on the Greenbriar Shore (live),"['N/A', {'A.P. Carter'}]","['The Bootleg Series Vol. 8: Tell Tale Signs: Rare and Unreleased 1989-2006', {'A.P. Carter'}]",,
The Hills of Mexico,"['N/A', 'N/A', ['N/A']]","['N/A', 'N/A', ['N/A']]",,
The Lonesome River,"['The Bootleg Series Vol. 8: Tell Tale Signs: Rare and Unreleased 1989-2006', {'Ralph Stanley', 'Carter Stanley'}]","['N/A', {'Ralph Stanley', 'Carter Stanley'}]",,
The Love That Faded,"['N/A', 'N/A', ['N/A']]","['N/A', 'N/A', ['N/A']]",,
The Night They Drove Old Dixie Down,"['N/A', 'N/A', ['N/A']]","['N/A', 'N/A', ['N/A']]",,
The Night We Called It a Day,"['Shadows in the Night', {'Tom Adair', 'Matt Dennis'}]","['N/A', {'Tom Adair', 'Matt Dennis'}]",,
The Shape I'm In,"['N/A', 'N/A', ['N/A']]","['N/A', 'N/A', ['N/A']]",,
The Sound of Silence,"['N/A', 'N/A', ['N/A']]","['N/A', 'N/A', ['N/A']]",,
The Times They Are a-Changin' (French Version),"['N/A', 'N/A', ['N/A']]","['N/A', 'N/A', ['N/A']]",,
The Usual,"['N/A', 'N/A', ['N/A']]","['N/A', 'N/A', ['N/A']]",,
The Water Is Wide,"['The Bootleg Series Vol. 5: Bob Dylan Live 1975, The Rolling Thunder Revue', {'Traditional'}]","['N/A', {'Traditional'}]",,
The Weight,"['N/A', 'N/A', ['N/A']]","['N/A', 'N/A', ['N/A']]",,
The Weight - Remastered,"['N/A', 'N/A', ['N/A']]","['N/A', 'N/A', ['N/A']]",,
There's a Flaw in My Flue,"['Triplicate', {'Jimmy Van Heusen', 'Johnny Burke'}]","['N/A', {'Jimmy Van Heusen', 'Johnny Burke'}]",,
These Foolish Things,"['N/A', {'Eric Maschwitz', 'Jack Strachey'}]","['Triplicate', {'Eric Maschwitz', 'Jack Strachey'}]",,
These Hands,"['The Bootleg Series Vol. 10: Another Self Portrait (1969-1971)', {'Eddie Noack'}]","['N/A', {'Eddie Noack'}]",,
They Killed Him,"['Knocked Out Loaded', {'Kris Kristofferson'}]","['N/A', {'Kris Kristofferson'}]",,
Things We Said Today,"['N/A', {'Paul McCartney'}]",,,
Thirsty Boots,"['N/A', {'Eric Andersen'}]","['The Bootleg Series Vol. 10: Another Self Portrait (1969-1971)', {'Eric Andersen'}]",,
This Evening So Soon,"['The Bootleg Series Vol. 10: Another Self Portrait (1969-1971)', {'Traditional'}]","['N/A', {'Traditional'}]",,
This Land Is Your Land,"['The Bootleg Series Vol. 7: No Direction Home: The Soundtrack', {'Woody Guthrie'}]","['N/A', {'Woody Guthrie'}]",,
This Nearly Was Mine,"['N/A', {'Richard Rogers', 'Oscar Hammerstein II'}]","['Triplicate', {'Richard Rogers', 'Oscar Hammerstein II'}]",,
This Old Man,"['N/A', {'Traditional'}]",,,
Tight Connection To My Heart,"['N/A', 'N/A', ['N/A']]","['N/A', 'N/A', ['N/A']]",,
Tomorrow Night,"['Good as I Been to You', {'Sam Coslow', 'Traditional', 'Will Grosz'}]","['N/A', {'Sam Coslow', 'Traditional', 'Will Grosz'}]",,
Tonight I'll Be Staying Here With You - Rolling Thunder Revue Version,"['N/A', 'N/A', ['N/A']]","['N/A', 'N/A', ['N/A']]",,
Trade Winds,"['Triplicate', {'Cliff Friend', 'Charles Tobias'}]","['N/A', {'Cliff Friend', 'Charles Tobias'}]",,
Trail of the Buffalo,"['N/A', 'N/A', ['N/A']]","['N/A', 'N/A', ['N/A']]",,
Train Of Love,"['N/A', 'N/A', ['N/A']]","['N/A', 'N/A', ['N/A']]",,
Trouble in Mind,"['N/A', {'Richard M. Jones'}]",,,
Try Me Little Girl,"['N/A', 'N/A', ['N/A']]","['N/A', 'N/A', ['N/A']]",,
Tupelo,"['N/A', 'N/A', ['N/A']]","['N/A', 'N/A', ['N/A']]",,
Two Soldiers,"['N/A', {'Traditional'}]","['World Gone Wrong', {'Traditional'}]",,
Two Trains Runnin',"['N/A', 'N/A', ['N/A']]","['N/A', 'N/A', ['N/A']]",,
U.D. Blues,"['N/A', 'N/A', ['N/A']]","['N/A', 'N/A', ['N/A']]",,
Untitled 1 (Baby's Black),"['N/A', 'N/A', ['N/A']]","['N/A', 'N/A', ['N/A']]","['1964', 'Another Side of Bob Dylan', ['N/A']]","['1964', 'Another Side of Bob Dylan', ['N/A']]"
Untitled 10 (Politics),"['1964', 'Another Side of Bob Dylan', ['N/A']]","['1964', 'Another Side of Bob Dylan', ['N/A']]","['N/A', 'N/A', ['N/A']]","['N/A', 'N/A', ['N/A']]"
Untitled 11 (High Treachery Sails),"['1964', 'Another Side of Bob Dylan', ['N/A']]","['1964', 'Another Side of Bob Dylan', ['N/A']]","['N/A', 'N/A', ['N/A']]","['N/A', 'N/A', ['N/A']]"
Untitled 2 (For Francoise Hardy),"['N/A', 'N/A', ['N/A']]","['N/A', 'N/A', ['N/A']]","['1964', 'Another Side of Bob Dylan', ['N/A']]","['1964', 'Another Side of Bob Dylan', ['N/A']]"
Untitled 3 (Everything Crawls),"['1964', 'Another Side of Bob Dylan', ['N/A']]","['1964', 'Another Side of Bob Dylan', ['N/A']]","['N/A', 'N/A', ['N/A']]","['N/A', 'N/A', ['N/A']]"
Untitled 4 (Jack O'Diamonds Is a Hard Card t Play),"['N/A', 'N/A', ['N/A']]","['N/A', 'N/A', ['N/A']]","['1964', 'Another Side of Bob Dylan', ['N/A']]","['1964', 'Another Side of Bob Dylan', ['N/A']]"
Untitled 5 (The Jumping),"['1964', 'Another Side of Bob Dylan', ['N/A']]","['1964', 'Another Side of Bob Dylan', ['N/A']]","['N/A', 'N/A', ['N/A']]","['N/A', 'N/A', ['N/A']]"
Untitled 6 (I Used t' Hate Enzo),"['N/A', 'N/A', ['N/A']]","['N/A', 'N/A', ['N/A']]","['1964', 'Another Side of Bob Dylan', ['N/A']]","['1964', 'Another Side of Bob Dylan', ['N/A']]"
Untitled 7 (Charlie),"['1964', 'Another Side of Bob Dylan', ['N/A']]","['1964', 'Another Side of Bob Dylan', ['N/A']]","['N/A', 'N/A', ['N/A']]","['N/A', 'N/A', ['N/A']]"
Untitled 8 (An Amazon Chick),"['1964', 'Another Side of Bob Dylan', ['N/A']]","['1964', 'Another Side of Bob Dylan', ['N/A']]","['N/A', 'N/A', ['N/A']]","['N/A', 'N/A', ['N/A']]"
Untitled 9 (Johnny),"['N/A', 'N/A', ['N/A']]","['N/A', 'N/A', ['N/A']]","['1964', 'Another Side of Bob Dylan', ['N/A']]","['1964', 'Another Side of Bob Dylan', ['N/A']]"
Up on Cripple Creek,"['N/A', 'N/A', ['N/A']]","['N/A', 'N/A', ['N/A']]",,
Wade in the Water,"['N/A', 'N/A', ['N/A']]","['N/A', 'N/A', ['N/A']]",,
Went to See the Gypsy (Alternate Version) [New Morning],"['N/A', 'N/A', ['N/A']]","['N/A', 'N/A', ['N/A']]",,
West Texas,"['N/A', {'Traditional'}]","['Live at the Gaslight 1962', {'Traditional'}]",,
When Did You Leave Heaven?,"['N/A', {'Richard Whiting', 'Walter Bullock'}]","['Down in the Groove', {'Richard Whiting', 'Walter Bullock'}]",,
When You Awake,"['N/A', 'N/A', ['N/A']]","['N/A', 'N/A', ['N/A']]",,
When the World Was Young,"['N/A', {'Angele Vannier', 'Johnny Mercer', 'Philippe-Gerard'}]","['Triplicate', {'Angele Vannier', 'Johnny Mercer', 'Philippe-Gerard'}]",,
Where Are You Tonight?,"['N/A', 'N/A', ['N/A']]","['N/A', 'N/A', ['N/A']]",,
Where Are You?,"['Shadows in the Night', {'Jimmy McHugh', 'Harold Adamson'}]","['N/A', {'Jimmy McHugh', 'Harold Adamson'}]",,
Where Is the One?,"['Triplicate', {'Alec Wilder', 'Edwin Finckel'}]","['N/A', {'Alec Wilder', 'Edwin Finckel'}]",,
White Dove,"['N/A', 'N/A', ['N/A']]","['N/A', 'N/A', ['N/A']]",,
Why Try to Change Me Now,"['Shadows in the Night', {'Cy Coleman', 'Joseph McCarthy'}]","['N/A', {'Cy Coleman', 'Joseph McCarthy'}]",,
Why Was I Born?,"['N/A', {'Oscar Hammerstein II', 'Jerome Kern'}]","['Triplicate', {'Oscar Hammerstein II', 'Jerome Kern'}]",,
Wild Mountain Thyme,"['N/A', 'N/A', ['N/A']]","['N/A', 'N/A', ['N/A']]",,
Wildwood Flower,"['N/A', {'A.P. Carter'}]",,,
Winter Wonderland,"['N/A', {'Richard B. Smith', 'Felix Bernard'}]","['Christmas in the Heart', {'Richard B. Smith', 'Felix Bernard'}]",,
World Gone Wrong,"['N/A', {'Traditional'}]","['World Gone Wrong', {'Traditional'}]",,
Worried Blues,"['The Bootleg Series Volumes 1-3 (Rare & Unreleased) 1961-1991', {'Traditional'}]","['N/A', {'Traditional'}]",,
Ye Playboys and Playgirls,"['N/A', 'N/A', ['N/A']]","['N/A', 'N/A', ['N/A']]",,
You Are My Sunshine,"[""The Bootleg Series Vol. 15: Travelin' Thru, 1967-1969"", {'Jimmie Davis', 'Charles Mitchell'}]","['N/A', {'Jimmie Davis', 'Charles Mitchell'}]",,
You Belong to Me,"['N/A', {'Redd Stewart', 'Chilton Price', 'Pee Wee King'}]",,,
You Go to My Head,"['Triplicate', {'Haven Gillespie', 'J. Fred Coots'}]","['N/A', {'Haven Gillespie', 'J. Fred Coots'}]",,
You Wanna Ramble,"['Knocked Out Loaded', {'Junior Parker'}]","['N/A', {'Junior Parker'}]",,
You're Gonna Quit Me,"['N/A', {'Traditional'}]","['Good as I Been to You', {'Traditional'}]",,
Young at Heart,"['Fallen Angels', {'Carolyn Leigh', 'Johnny Richards'}]","['N/A', {'Carolyn Leigh', 'Johnny Richards'}]",,
